ntd_id,agency_name,city,state,uza_name,uza_population,agency_type,reporter_type,mode,mode_name,tos,route_id,route_name,service_date,report_year,report_month,scheduled_trips,actual_trips,on_time_trips,missed_trips,unlinked_passenger_trips,passenger_miles,avg_trip_length,vehicle_revenue_hours,vehicle_revenue_miles,vehicles_operated,vehicles_available,total_vehicles,avg_vehicle_age,incidents,fatalities,injuries,operating_expense,fare_revenue,federal_funding,load_time
50001,Metropolitan Transit Authority,New York,NY,New York-Newark,18351295,Large Urban,Full Reporter,HR,Heavy Rail,DO,R001,1 Train,2023-01-15,2023,1,2400,2385,2142,15,1850000,9250000,5.00,48500.50,625000.00,420,450,520,18.5,3,0,2,125000000.00,52500000.00,18750000.00,2023-02-01 08:00:00
50001,Metropolitan Transit Authority,New York,NY,New York-Newark,18351295,Large Urban,Full Reporter,HR,Heavy Rail,DO,R002,7 Express,2023-01-15,2023,1,1800,1788,1573,12,1425000,7125000,5.00,36200.25,468000.00,310,340,380,16.2,2,0,1,95000000.00,39900000.00,14250000.00,2023-02-01 08:00:00
50001,Metropolitan Transit Authority,New York,NY,New York-Newark,18351295,Large Urban,Full Reporter,MB,Bus,DO,B101,M15,2023-01-15,2023,1,850,812,585,38,125000,312500,2.50,8200.75,52000.00,85,95,120,8.4,5,0,3,12500000.00,3125000.00,2500000.00,2023-02-01 08:00:00
50002,Chicago Transit Authority,Chicago,IL,Chicago,8608208,Large Urban,Full Reporter,HR,Heavy Rail,DO,R010,Blue Line,2023-01-15,2023,1,1200,1185,1008,15,620000,3100000,5.00,24500.00,318000.00,180,200,240,22.1,4,0,2,45000000.00,12600000.00,9000000.00,2023-02-01 08:00:00
50002,Chicago Transit Authority,Chicago,IL,Chicago,8608208,Large Urban,Full Reporter,MB,Bus,DO,B020,Route 66,2023-01-15,2023,1,950,905,678,45,185000,370000,2.00,12500.50,85000.00,125,140,165,7.2,6,0,4,18500000.00,4625000.00,3700000.00,2023-02-01 08:00:00
50003,WMATA,Washington,DC,Washington,5322623,Large Urban,Full Reporter,HR,Heavy Rail,DO,R020,Red Line,2023-01-15,2023,1,1400,1380,1174,20,540000,4320000,8.00,28500.00,380000.00,220,240,286,28.5,3,0,1,62000000.00,18600000.00,12400000.00,2023-02-01 08:00:00
50003,WMATA,Washington,DC,Washington,5322623,Large Urban,Full Reporter,MB,Bus,DO,B030,Route 32,2023-01-15,2023,1,720,685,493,35,95000,237500,2.50,7800.00,48000.00,72,80,95,6.8,4,0,2,8500000.00,1912500.00,1700000.00,2023-02-01 08:00:00
50004,MBTA,Boston,MA,Boston,4181019,Large Urban,Full Reporter,HR,Heavy Rail,DO,R030,Green Line,2023-01-15,2023,1,1100,1065,798,35,380000,1140000,3.00,22000.00,165000.00,165,185,220,32.4,8,0,5,38000000.00,9500000.00,7600000.00,2023-02-01 08:00:00
50004,MBTA,Boston,MA,Boston,4181019,Large Urban,Full Reporter,CR,Commuter Rail,PT,C010,Fitchburg Line,2023-01-15,2023,1,120,118,95,2,28000,980000,35.00,2400.00,42000.00,12,15,18,15.6,1,0,0,8500000.00,3400000.00,1700000.00,2023-02-01 08:00:00
50005,BART,San Francisco,CA,San Francisco-Oakland,4335391,Large Urban,Full Reporter,HR,Heavy Rail,DO,R040,Blue Line,2023-02-15,2023,2,1050,1038,882,12,285000,4275000,15.00,21500.00,385000.00,195,210,252,25.8,2,0,1,52000000.00,18200000.00,10400000.00,2023-03-01 08:00:00
50005,BART,San Francisco,CA,San Francisco-Oakland,4335391,Large Urban,Full Reporter,HR,Heavy Rail,DO,R041,Red Line,2023-02-15,2023,2,980,965,820,15,265000,3975000,15.00,19800.00,354000.00,180,195,232,24.2,1,0,0,48000000.00,16800000.00,9600000.00,2023-03-01 08:00:00
50006,LA Metro,Los Angeles,CA,Los Angeles-Long Beach,12150996,Large Urban,Full Reporter,HR,Heavy Rail,DO,R050,Red Line,2023-02-15,2023,2,900,882,661,18,145000,725000,5.00,18200.00,218000.00,115,130,155,12.5,6,0,4,28000000.00,5600000.00,5600000.00,2023-03-01 08:00:00
50006,LA Metro,Los Angeles,CA,Los Angeles-Long Beach,12150996,Large Urban,Full Reporter,MB,Bus,DO,B040,Line 720,2023-02-15,2023,2,1200,1140,798,60,320000,960000,3.00,15500.00,125000.00,165,185,220,6.5,8,1,6,22000000.00,4400000.00,4400000.00,2023-03-01 08:00:00
50007,MARTA,Atlanta,GA,Atlanta,4515419,Large Urban,Full Reporter,HR,Heavy Rail,DO,R060,Gold Line,2023-02-15,2023,2,800,784,588,16,125000,1250000,10.00,16200.00,225000.00,105,115,138,18.4,2,0,1,18500000.00,3700000.00,3700000.00,2023-03-01 08:00:00
50007,MARTA,Atlanta,GA,Atlanta,4515419,Large Urban,Full Reporter,MB,Bus,DO,B050,Route 1,2023-02-15,2023,2,650,612,428,38,85000,170000,2.00,6800.00,42000.00,65,72,88,7.8,3,0,2,7500000.00,1500000.00,1500000.00,2023-03-01 08:00:00
50008,SEPTA,Philadelphia,PA,Philadelphia,5649300,Large Urban,Full Reporter,HR,Heavy Rail,DO,R070,Market-Frankford,2023-03-15,2023,3,1300,1274,955,26,420000,1260000,3.00,26800.00,185000.00,185,200,238,28.2,5,0,3,35000000.00,10500000.00,7000000.00,2023-04-01 08:00:00
50008,SEPTA,Philadelphia,PA,Philadelphia,5649300,Large Urban,Full Reporter,LR,Light Rail,DO,L010,Route 10,2023-03-15,2023,3,600,576,403,24,82000,164000,2.00,6200.00,32000.00,45,52,65,35.5,4,0,3,5800000.00,1160000.00,1160000.00,2023-04-01 08:00:00
50009,Miami-Dade Transit,Miami,FL,Miami,5502379,Large Urban,Full Reporter,HR,Heavy Rail,DO,R080,Green Line,2023-03-15,2023,3,750,735,588,15,95000,665000,7.00,15200.00,185000.00,82,90,108,15.8,2,0,1,15000000.00,3000000.00,3000000.00,2023-04-01 08:00:00
50009,Miami-Dade Transit,Miami,FL,Miami,5502379,Large Urban,Full Reporter,MB,Bus,DO,B060,Route 11,2023-03-15,2023,3,880,832,582,48,145000,362500,2.50,9500.00,62000.00,95,105,125,8.2,5,0,3,12000000.00,2400000.00,2400000.00,2023-04-01 08:00:00
50010,King County Metro,Seattle,WA,Seattle,3439809,Large Urban,Full Reporter,MB,Bus,DO,B070,RapidRide C,2023-03-15,2023,3,950,931,745,19,215000,537500,2.50,12800.00,95000.00,115,125,148,5.8,3,0,1,16500000.00,4125000.00,3300000.00,2023-04-01 08:00:00
50010,King County Metro,Seattle,WA,Seattle,3439809,Large Urban,Full Reporter,LR,Light Rail,DO,L020,Link 1 Line,2023-03-15,2023,3,650,642,545,8,185000,1480000,8.00,13200.00,165000.00,62,68,82,4.2,1,0,0,22000000.00,6600000.00,4400000.00,2023-04-01 08:00:00
50011,TriMet,Portland,OR,Portland,2226009,Large Urban,Full Reporter,LR,Light Rail,DO,L030,Blue Line,2023-04-15,2023,4,700,686,548,14,125000,1125000,9.00,14500.00,185000.00,72,80,96,18.5,2,0,1,14000000.00,2800000.00,2800000.00,2023-05-01 08:00:00
50011,TriMet,Portland,OR,Portland,2226009,Large Urban,Full Reporter,MB,Bus,DO,B080,Line 72,2023-04-15,2023,4,820,779,545,41,165000,330000,2.00,8800.00,58000.00,88,95,115,7.5,4,0,2,9500000.00,1900000.00,1900000.00,2023-05-01 08:00:00
50012,RTD,Denver,CO,Denver,2374203,Large Urban,Full Reporter,LR,Light Rail,DO,L040,W Line,2023-04-15,2023,4,550,539,431,11,85000,595000,7.00,11200.00,142000.00,48,55,66,10.2,1,0,0,9500000.00,1900000.00,1900000.00,2023-05-01 08:00:00
50012,RTD,Denver,CO,Denver,2374203,Large Urban,Full Reporter,MB,Bus,DO,B090,Route 15,2023-04-15,2023,4,680,646,452,34,125000,312500,2.50,7200.00,48000.00,72,80,95,6.8,3,0,1,8000000.00,1600000.00,1600000.00,2023-05-01 08:00:00
50013,VIA Metropolitan,San Antonio,TX,San Antonio,1895753,Large Urban,Full Reporter,MB,Bus,DO,B100,Route 100,2023-04-15,2023,4,580,551,385,29,92000,184000,2.00,6200.00,38000.00,62,68,82,8.5,2,0,1,6500000.00,975000.00,1300000.00,2023-05-01 08:00:00
50014,Valley Metro,Phoenix,AZ,Phoenix,3629114,Large Urban,Full Reporter,LR,Light Rail,DO,L050,Main Line,2023-05-15,2023,5,480,470,376,10,68000,612000,9.00,9800.00,125000.00,38,42,50,8.8,1,0,0,7500000.00,1500000.00,1500000.00,2023-06-01 08:00:00
50014,Valley Metro,Phoenix,AZ,Phoenix,3629114,Large Urban,Full Reporter,MB,Bus,DO,B110,Route 0,2023-05-15,2023,5,750,712,498,38,135000,337500,2.50,8200.00,55000.00,78,85,102,7.2,4,0,2,8500000.00,1275000.00,1700000.00,2023-06-01 08:00:00
50015,MTA Maryland,Baltimore,MD,Baltimore,2710489,Large Urban,Full Reporter,HR,Heavy Rail,DO,R090,Metro SubwayLink,2023-05-15,2023,5,420,409,306,11,48000,336000,7.00,8500.00,115000.00,52,58,70,32.5,3,0,2,8000000.00,1200000.00,1600000.00,2023-06-01 08:00:00
50015,MTA Maryland,Baltimore,MD,Baltimore,2710489,Large Urban,Full Reporter,LR,Light Rail,DO,L060,Light RailLink,2023-05-15,2023,5,380,368,257,12,35000,245000,7.00,7600.00,98000.00,42,48,58,22.8,2,0,1,6500000.00,975000.00,1300000.00,2023-06-01 08:00:00
50016,IndyGo,Indianapolis,IN,Indianapolis,1756241,Medium Urban,Full Reporter,MB,Bus,DO,B120,Red Line,2023-05-15,2023,5,520,494,346,26,72000,144000,2.00,5800.00,35000.00,52,58,68,4.5,2,0,1,4800000.00,720000.00,960000.00,2023-06-01 08:00:00
50017,CATA,State College,PA,State College,82640,Small Urban,Full Reporter,MB,Bus,DO,B130,Route V,2023-06-15,2023,6,320,308,246,12,45000,67500,1.50,3200.00,18000.00,28,32,38,5.2,0,0,0,1800000.00,360000.00,360000.00,2023-07-01 08:00:00
50018,TARTA,Toledo,OH,Toledo,478635,Medium Urban,Full Reporter,MB,Bus,DO,B140,Route 20,2023-06-15,2023,6,450,418,292,32,62000,124000,2.00,4500.00,28000.00,42,48,55,9.5,1,0,0,3200000.00,480000.00,640000.00,2023-07-01 08:00:00
50019,Sun Metro,El Paso,TX,El Paso,803086,Medium Urban,Full Reporter,MB,Bus,DO,B150,Brio Dyer,2023-06-15,2023,6,380,361,253,19,55000,110000,2.00,4200.00,25000.00,38,42,50,6.2,1,0,0,2800000.00,420000.00,560000.00,2023-07-01 08:00:00
50020,StarTran,Lincoln,NE,Lincoln,283241,Small Urban,Full Reporter,MB,Bus,DO,B160,Route 51,2023-06-15,2023,6,280,266,199,14,35000,52500,1.50,2800.00,15000.00,22,25,30,7.8,0,0,0,1500000.00,225000.00,300000.00,2023-07-01 08:00:00
50001,Metropolitan Transit Authority,New York,NY,New York-Newark,18351295,Large Urban,Full Reporter,HR,Heavy Rail,DO,R001,1 Train,2023-07-15,2023,7,2400,2395,2180,5,1920000,9600000,5.00,48800.00,630000.00,425,450,520,18.5,2,0,1,128000000.00,54400000.00,19200000.00,2023-08-01 08:00:00
50002,Chicago Transit Authority,Chicago,IL,Chicago,8608208,Large Urban,Full Reporter,HR,Heavy Rail,DO,R010,Blue Line,2023-07-15,2023,7,1200,1192,1036,8,645000,3225000,5.00,24800.00,322000.00,185,200,240,22.1,3,0,1,46000000.00,13110000.00,9200000.00,2023-08-01 08:00:00
50005,BART,San Francisco,CA,San Francisco-Oakland,4335391,Large Urban,Full Reporter,HR,Heavy Rail,DO,R040,Blue Line,2023-07-15,2023,7,1050,1042,907,8,298000,4470000,15.00,21800.00,390000.00,198,210,252,25.8,1,0,0,53000000.00,19080000.00,10600000.00,2023-08-01 08:00:00
50006,LA Metro,Los Angeles,CA,Los Angeles-Long Beach,12150996,Large Urban,Full Reporter,HR,Heavy Rail,DO,R050,Red Line,2023-07-15,2023,7,900,891,668,9,152000,760000,5.00,18500.00,222000.00,118,130,155,12.5,4,0,2,29000000.00,5800000.00,5800000.00,2023-08-01 08:00:00
50010,King County Metro,Seattle,WA,Seattle,3439809,Large Urban,Full Reporter,LR,Light Rail,DO,L020,Link 1 Line,2023-07-15,2023,7,650,646,555,4,195000,1560000,8.00,13500.00,168000.00,64,68,82,4.2,0,0,0,23000000.00,6900000.00,4600000.00,2023-08-01 08:00:00
EDGE01,,Missing Agency,,NY,,,,HR,Heavy Rail,,,,2023-01-01,2023,1,-5,100,50,0,50000,250000,5.00,1000.00,12000.00,10,12,15,5.0,0,0,0,1000000.00,500000.00,200000.00,2023-02-01 08:00:00
50099,Test Agency,Test City,TX,Test UZA,100000,Small Urban,Full Reporter,MB,Bus,DO,B999,Test Route,2023-06-15,2023,6,200,200,250,0,25000,50000,2.00,2000.00,12000.00,18,20,24,5.0,0,0,0,800000.00,120000.00,160000.00,2023-07-01 08:00:00
50001,Metropolitan Transit Authority,New York,NY,New York-Newark,18351295,Large Urban,Full Reporter,HR,Heavy Rail,DO,R003,A Express,2023-02-15,2023,2,2200,2178,1916,22,1680000,8400000,5.00,44200.00,572000.00,395,420,480,20.2,4,0,3,118000000.00,49560000.00,17700000.00,2023-03-01 08:00:00
50001,Metropolitan Transit Authority,New York,NY,New York-Newark,18351295,Large Urban,Full Reporter,MB,Bus,DO,B102,M34 SBS,2023-02-15,2023,2,780,748,538,32,108000,270000,2.50,7600.00,48000.00,78,88,110,9.2,4,0,2,11200000.00,2800000.00,2240000.00,2023-03-01 08:00:00
50002,Chicago Transit Authority,Chicago,IL,Chicago,8608208,Large Urban,Full Reporter,HR,Heavy Rail,DO,R011,Red Line,2023-02-15,2023,2,1350,1332,1132,18,695000,3475000,5.00,27500.00,357000.00,195,215,260,19.8,5,0,3,48000000.00,13440000.00,9600000.00,2023-03-01 08:00:00
50002,Chicago Transit Authority,Chicago,IL,Chicago,8608208,Large Urban,Full Reporter,MB,Bus,DO,B021,Route 9,2023-03-15,2023,3,880,836,602,44,172000,344000,2.00,11500.00,78000.00,118,132,155,7.8,5,0,3,17200000.00,4300000.00,3440000.00,2023-04-01 08:00:00
50003,WMATA,Washington,DC,Washington,5322623,Large Urban,Full Reporter,HR,Heavy Rail,DO,R021,Blue Line,2023-03-15,2023,3,1100,1078,917,22,425000,3400000,8.00,22400.00,298000.00,175,192,228,26.4,2,0,1,49000000.00,14700000.00,9800000.00,2023-04-01 08:00:00
50003,WMATA,Washington,DC,Washington,5322623,Large Urban,Full Reporter,MB,Bus,DO,B031,Route 16Y,2023-04-15,2023,4,680,652,469,28,88000,220000,2.50,7400.00,45000.00,68,76,90,7.2,3,0,1,8000000.00,1800000.00,1600000.00,2023-05-01 08:00:00
50004,MBTA,Boston,MA,Boston,4181019,Large Urban,Full Reporter,HR,Heavy Rail,DO,R031,Orange Line,2023-04-15,2023,4,950,921,691,29,345000,1035000,3.00,19200.00,144000.00,148,165,198,24.8,6,0,4,34000000.00,8500000.00,6800000.00,2023-05-01 08:00:00
50004,MBTA,Boston,MA,Boston,4181019,Large Urban,Full Reporter,CR,Commuter Rail,PT,C011,Providence Line,2023-05-15,2023,5,140,136,112,4,32000,1440000,45.00,2800.00,56000.00,14,18,22,12.4,1,0,0,9800000.00,4410000.00,1960000.00,2023-06-01 08:00:00
50005,BART,San Francisco,CA,San Francisco-Oakland,4335391,Large Urban,Full Reporter,HR,Heavy Rail,DO,R042,Yellow Line,2023-04-15,2023,4,920,908,772,12,248000,3720000,15.00,18800.00,336000.00,172,186,222,22.6,2,0,1,45000000.00,15750000.00,9000000.00,2023-05-01 08:00:00
50006,LA Metro,Los Angeles,CA,Los Angeles-Long Beach,12150996,Large Urban,Full Reporter,LR,Light Rail,DO,L070,Blue Line,2023-04-15,2023,4,680,660,462,20,98000,588000,6.00,13800.00,112000.00,58,65,78,14.2,5,0,3,12000000.00,2400000.00,2400000.00,2023-05-01 08:00:00
50006,LA Metro,Los Angeles,CA,Los Angeles-Long Beach,12150996,Large Urban,Full Reporter,MB,Bus,DO,B041,Line 40,2023-05-15,2023,5,1100,1045,731,55,295000,885000,3.00,14200.00,115000.00,155,175,208,7.0,7,0,5,20500000.00,4100000.00,4100000.00,2023-06-01 08:00:00
50007,MARTA,Atlanta,GA,Atlanta,4515419,Large Urban,Full Reporter,HR,Heavy Rail,DO,R061,Red Line,2023-05-15,2023,5,780,764,573,16,118000,1180000,10.00,15800.00,220000.00,100,110,132,19.2,3,0,2,17800000.00,3560000.00,3560000.00,2023-06-01 08:00:00
50007,MARTA,Atlanta,GA,Atlanta,4515419,Large Urban,Full Reporter,MB,Bus,DO,B051,Route 21,2023-06-15,2023,6,620,586,410,34,78000,156000,2.00,6500.00,40000.00,62,68,84,8.4,2,0,1,7200000.00,1440000.00,1440000.00,2023-07-01 08:00:00
50008,SEPTA,Philadelphia,PA,Philadelphia,5649300,Large Urban,Full Reporter,HR,Heavy Rail,DO,R071,Broad Street,2023-05-15,2023,5,1150,1127,845,23,385000,1155000,3.00,23800.00,164000.00,168,182,218,30.4,4,0,2,32000000.00,9600000.00,6400000.00,2023-06-01 08:00:00
50008,SEPTA,Philadelphia,PA,Philadelphia,5649300,Large Urban,Full Reporter,CR,Commuter Rail,PT,C020,Paoli/Thorndale,2023-06-15,2023,6,160,155,128,5,36000,1260000,35.00,3200.00,58000.00,16,20,24,18.2,1,0,0,10200000.00,4590000.00,2040000.00,2023-07-01 08:00:00
50009,Miami-Dade Transit,Miami,FL,Miami,5502379,Large Urban,Full Reporter,HR,Heavy Rail,DO,R081,Orange Line,2023-06-15,2023,6,720,706,565,14,92000,644000,7.00,14600.00,178000.00,78,86,104,16.4,2,0,1,14500000.00,2900000.00,2900000.00,2023-07-01 08:00:00
50009,Miami-Dade Transit,Miami,FL,Miami,5502379,Large Urban,Full Reporter,MB,Bus,DO,B061,Route 38,2023-07-15,2023,7,840,798,559,42,138000,345000,2.50,9200.00,59000.00,90,100,120,8.8,4,0,2,11500000.00,2300000.00,2300000.00,2023-08-01 08:00:00
50010,King County Metro,Seattle,WA,Seattle,3439809,Large Urban,Full Reporter,MB,Bus,DO,B071,RapidRide E,2023-06-15,2023,6,920,902,721,18,205000,512500,2.50,12200.00,91000.00,110,120,142,6.2,2,0,1,15800000.00,3950000.00,3160000.00,2023-07-01 08:00:00
50011,TriMet,Portland,OR,Portland,2226009,Large Urban,Full Reporter,LR,Light Rail,DO,L031,Red Line,2023-06-15,2023,6,680,666,533,14,118000,1062000,9.00,14000.00,179000.00,68,76,92,16.8,2,0,1,13500000.00,2700000.00,2700000.00,2023-07-01 08:00:00
50011,TriMet,Portland,OR,Portland,2226009,Large Urban,Full Reporter,MB,Bus,DO,B081,Line 14,2023-07-15,2023,7,790,751,526,39,158000,316000,2.00,8400.00,55000.00,84,92,110,8.0,3,0,2,9200000.00,1840000.00,1840000.00,2023-08-01 08:00:00
50012,RTD,Denver,CO,Denver,2374203,Large Urban,Full Reporter,LR,Light Rail,DO,L041,E Line,2023-06-15,2023,6,520,510,408,10,82000,574000,7.00,10800.00,136000.00,45,52,62,9.8,1,0,0,9200000.00,1840000.00,1840000.00,2023-07-01 08:00:00
50012,RTD,Denver,CO,Denver,2374203,Large Urban,Full Reporter,CR,Commuter Rail,PT,C030,A Line,2023-07-15,2023,7,180,174,148,6,42000,1470000,35.00,3600.00,64000.00,18,22,26,6.4,1,0,0,12000000.00,5400000.00,2400000.00,2023-08-01 08:00:00
50013,VIA Metropolitan,San Antonio,TX,San Antonio,1895753,Large Urban,Full Reporter,MB,Bus,DO,B101,Route 3,2023-07-15,2023,7,560,532,372,28,88000,176000,2.00,5900.00,36000.00,58,64,78,9.0,2,0,1,6200000.00,930000.00,1240000.00,2023-08-01 08:00:00
50014,Valley Metro,Phoenix,AZ,Phoenix,3629114,Large Urban,Full Reporter,LR,Light Rail,DO,L051,Northwest Ext,2023-07-15,2023,7,460,451,361,9,65000,585000,9.00,9400.00,120000.00,36,40,48,6.5,1,0,0,7200000.00,1440000.00,1440000.00,2023-08-01 08:00:00
50014,Valley Metro,Phoenix,AZ,Phoenix,3629114,Large Urban,Full Reporter,MB,Bus,DO,B111,Route 50,2023-08-15,2023,8,720,684,479,36,128000,320000,2.50,7800.00,52000.00,74,82,98,7.6,3,0,2,8200000.00,1230000.00,1640000.00,2023-09-01 08:00:00
50015,MTA Maryland,Baltimore,MD,Baltimore,2710489,Large Urban,Full Reporter,MB,Bus,DO,B170,CityLink Blue,2023-07-15,2023,7,580,551,386,29,72000,180000,2.50,6200.00,38000.00,58,64,78,8.6,3,0,2,5400000.00,810000.00,1080000.00,2023-08-01 08:00:00
50016,IndyGo,Indianapolis,IN,Indianapolis,1756241,Medium Urban,Full Reporter,MB,Bus,DO,B121,Purple Line,2023-08-15,2023,8,480,456,319,24,68000,136000,2.00,5400.00,33000.00,48,54,64,3.8,2,0,1,4500000.00,675000.00,900000.00,2023-09-01 08:00:00
50017,CATA,State College,PA,State College,82640,Small Urban,Full Reporter,MB,Bus,DO,B131,Route NV,2023-08-15,2023,8,300,288,230,12,42000,63000,1.50,3000.00,17000.00,26,30,36,5.6,0,0,0,1700000.00,340000.00,340000.00,2023-09-01 08:00:00
50018,TARTA,Toledo,OH,Toledo,478635,Medium Urban,Full Reporter,MB,Bus,DO,B141,Route 5,2023-08-15,2023,8,430,399,279,31,58000,116000,2.00,4300.00,27000.00,40,46,52,10.2,1,0,0,3100000.00,465000.00,620000.00,2023-09-01 08:00:00
50019,Sun Metro,El Paso,TX,El Paso,803086,Medium Urban,Full Reporter,MB,Bus,DO,B151,Brio Mesa,2023-08-15,2023,8,360,342,240,18,52000,104000,2.00,4000.00,24000.00,36,40,48,6.8,1,0,0,2700000.00,405000.00,540000.00,2023-09-01 08:00:00
50020,StarTran,Lincoln,NE,Lincoln,283241,Small Urban,Full Reporter,MB,Bus,DO,B161,Route 24,2023-08-15,2023,8,260,247,185,13,32000,48000,1.50,2600.00,14000.00,20,23,28,8.4,0,0,0,1400000.00,210000.00,280000.00,2023-09-01 08:00:00
50021,Metro Transit,Minneapolis,MN,Minneapolis-St Paul,3005415,Large Urban,Full Reporter,LR,Light Rail,DO,L080,Blue Line,2023-03-15,2023,3,620,608,486,12,145000,1160000,8.00,12800.00,162000.00,58,64,78,12.5,2,0,1,14200000.00,2840000.00,2840000.00,2023-04-01 08:00:00
50021,Metro Transit,Minneapolis,MN,Minneapolis-St Paul,3005415,Large Urban,Full Reporter,MB,Bus,DO,B180,Route 5,2023-04-15,2023,4,780,741,519,39,168000,336000,2.00,8600.00,56000.00,82,90,108,7.4,3,0,2,9400000.00,1880000.00,1880000.00,2023-05-01 08:00:00
50022,METRO,Houston,TX,Houston,5920416,Large Urban,Full Reporter,LR,Light Rail,DO,L090,Red Line,2023-04-15,2023,4,580,566,453,14,85000,510000,6.00,11800.00,96000.00,52,58,70,10.8,2,0,1,8800000.00,1760000.00,1760000.00,2023-05-01 08:00:00
50022,METRO,Houston,TX,Houston,5920416,Large Urban,Full Reporter,MB,Bus,DO,B190,Route 82,2023-05-15,2023,5,920,874,612,46,195000,390000,2.00,10200.00,68000.00,98,108,130,6.8,4,0,3,10800000.00,2160000.00,2160000.00,2023-06-01 08:00:00
50023,DART,Dallas,TX,Dallas,5702641,Large Urban,Full Reporter,LR,Light Rail,DO,L100,Red Line,2023-05-15,2023,5,640,624,499,16,92000,828000,9.00,13200.00,168000.00,62,68,82,15.2,2,0,1,12500000.00,2500000.00,2500000.00,2023-06-01 08:00:00
50023,DART,Dallas,TX,Dallas,5702641,Large Urban,Full Reporter,MB,Bus,DO,B200,Route 1,2023-06-15,2023,6,720,684,479,36,112000,224000,2.00,7800.00,50000.00,75,82,98,7.5,3,0,1,8500000.00,1275000.00,1700000.00,2023-07-01 08:00:00
50024,RTA,Cleveland,OH,Cleveland,1780673,Large Urban,Full Reporter,HR,Heavy Rail,DO,R100,Red Line,2023-06-15,2023,6,420,410,308,10,52000,260000,5.00,8600.00,118000.00,42,48,58,28.6,2,0,1,7200000.00,1440000.00,1440000.00,2023-07-01 08:00:00
50024,RTA,Cleveland,OH,Cleveland,1780673,Large Urban,Full Reporter,MB,Bus,DO,B210,Route 22,2023-07-15,2023,7,580,551,386,29,82000,164000,2.00,6000.00,38000.00,55,62,74,9.8,2,0,1,5200000.00,780000.00,1040000.00,2023-08-01 08:00:00
50025,SORTA,Cincinnati,OH,Cincinnati,1734428,Large Urban,Full Reporter,MB,Bus,DO,B220,Route 17,2023-07-15,2023,7,540,513,359,27,75000,150000,2.00,5600.00,34000.00,52,58,70,8.2,2,0,1,4800000.00,720000.00,960000.00,2023-08-01 08:00:00
50026,Cap Metro,Austin,TX,Austin,1716289,Large Urban,Full Reporter,MB,Bus,DO,B230,Route 801,2023-08-15,2023,8,620,589,412,31,98000,245000,2.50,6800.00,42000.00,65,72,86,5.8,2,0,1,7200000.00,1080000.00,1440000.00,2023-09-01 08:00:00
50026,Cap Metro,Austin,TX,Austin,1716289,Large Urban,Full Reporter,CR,Commuter Rail,PT,C040,Red Line,2023-08-15,2023,8,80,76,61,4,8500,297500,35.00,1600.00,28000.00,6,8,10,8.4,0,0,0,3200000.00,640000.00,640000.00,2023-09-01 08:00:00
50001,Metropolitan Transit Authority,New York,NY,New York-Newark,18351295,Large Urban,Full Reporter,HR,Heavy Rail,DO,R001,1 Train,2023-09-15,2023,9,2400,2388,2149,12,1890000,9450000,5.00,48600.00,628000.00,422,450,520,18.5,3,0,2,126500000.00,53130000.00,18975000.00,2023-10-01 08:00:00
50002,Chicago Transit Authority,Chicago,IL,Chicago,8608208,Large Urban,Full Reporter,HR,Heavy Rail,DO,R010,Blue Line,2023-09-15,2023,9,1200,1188,1010,12,635000,3175000,5.00,24600.00,320000.00,182,200,240,22.1,3,0,2,45500000.00,12740000.00,9100000.00,2023-10-01 08:00:00
50003,WMATA,Washington,DC,Washington,5322623,Large Urban,Full Reporter,HR,Heavy Rail,DO,R020,Red Line,2023-08-15,2023,8,1400,1386,1178,14,555000,4440000,8.00,28800.00,384000.00,222,240,286,28.5,2,0,1,63000000.00,18900000.00,12600000.00,2023-09-01 08:00:00
50021,Metro Transit,Minneapolis,MN,Minneapolis-St Paul,3005415,Large Urban,Full Reporter,LR,Light Rail,DO,L081,Green Line,2023-07-15,2023,7,600,590,472,10,138000,1104000,8.00,12400.00,158000.00,56,62,76,10.8,1,0,0,13800000.00,2760000.00,2760000.00,2023-08-01 08:00:00
50022,METRO,Houston,TX,Houston,5920416,Large Urban,Full Reporter,LR,Light Rail,DO,L091,Purple Line,2023-08-15,2023,8,540,528,422,12,78000,468000,6.00,11200.00,91000.00,48,54,66,8.4,1,0,0,8400000.00,1680000.00,1680000.00,2023-09-01 08:00:00
50023,DART,Dallas,TX,Dallas,5702641,Large Urban,Full Reporter,LR,Light Rail,DO,L101,Blue Line,2023-09-15,2023,9,620,607,486,13,88000,792000,9.00,12800.00,163000.00,60,66,80,16.0,2,0,1,12200000.00,2440000.00,2440000.00,2023-10-01 08:00:00
50024,RTA,Cleveland,OH,Cleveland,1780673,Large Urban,Full Reporter,HR,Heavy Rail,DO,R100,Red Line,2023-09-15,2023,9,420,414,311,6,54000,270000,5.00,8800.00,120000.00,44,48,58,28.6,1,0,0,7400000.00,1480000.00,1480000.00,2023-10-01 08:00:00
50025,SORTA,Cincinnati,OH,Cincinnati,1734428,Large Urban,Full Reporter,MB,Bus,DO,B221,Route 33,2023-09-15,2023,9,520,494,346,26,72000,144000,2.00,5400.00,33000.00,50,56,68,8.6,2,0,1,4600000.00,690000.00,920000.00,2023-10-01 08:00:00
50001,Metropolitan Transit Authority,New York,NY,New York-Newark,18351295,Large Urban,Full Reporter,HR,Heavy Rail,DO,R004,E Express,2023-04-15,2023,4,2050,2030,1786,20,1580000,7900000,5.00,41200.00,534000.00,380,405,465,19.4,3,0,2,112000000.00,47040000.00,16800000.00,2023-05-01 08:00:00
50001,Metropolitan Transit Authority,New York,NY,New York-Newark,18351295,Large Urban,Full Reporter,MB,Bus,DO,B103,Bx12 SBS,2023-05-15,2023,5,720,684,493,36,95000,237500,2.50,6800.00,42000.00,72,80,98,10.5,5,0,3,10500000.00,2625000.00,2100000.00,2023-06-01 08:00:00
50002,Chicago Transit Authority,Chicago,IL,Chicago,8608208,Large Urban,Full Reporter,HR,Heavy Rail,DO,R012,Brown Line,2023-05-15,2023,5,980,966,821,14,485000,2425000,5.00,19800.00,258000.00,145,160,192,18.5,3,0,1,36000000.00,10080000.00,7200000.00,2023-06-01 08:00:00
50002,Chicago Transit Authority,Chicago,IL,Chicago,8608208,Large Urban,Full Reporter,MB,Bus,DO,B022,Route 22,2023-06-15,2023,6,900,855,598,45,178000,356000,2.00,11800.00,80000.00,120,135,158,7.5,6,0,4,17800000.00,4450000.00,3560000.00,2023-07-01 08:00:00
50003,WMATA,Washington,DC,Washington,5322623,Large Urban,Full Reporter,HR,Heavy Rail,DO,R022,Orange Line,2023-06-15,2023,6,1050,1032,878,18,410000,3280000,8.00,21600.00,288000.00,168,184,220,25.8,2,0,1,47000000.00,14100000.00,9400000.00,2023-07-01 08:00:00
50004,MBTA,Boston,MA,Boston,4181019,Large Urban,Full Reporter,HR,Heavy Rail,DO,R032,Blue Line,2023-07-15,2023,7,820,799,599,21,285000,855000,3.00,16600.00,124000.00,128,142,172,26.2,4,0,2,28000000.00,7000000.00,5600000.00,2023-08-01 08:00:00
50005,BART,San Francisco,CA,San Francisco-Oakland,4335391,Large Urban,Full Reporter,HR,Heavy Rail,DO,R043,Green Line,2023-06-15,2023,6,880,868,738,12,238000,3570000,15.00,18000.00,322000.00,165,178,214,23.8,2,0,1,44000000.00,15400000.00,8800000.00,2023-07-01 08:00:00
50006,LA Metro,Los Angeles,CA,Los Angeles-Long Beach,12150996,Large Urban,Full Reporter,LR,Light Rail,DO,L071,Gold Line,2023-07-15,2023,7,660,642,449,18,92000,552000,6.00,13400.00,108000.00,55,62,74,12.8,4,0,2,11500000.00,2300000.00,2300000.00,2023-08-01 08:00:00
50007,MARTA,Atlanta,GA,Atlanta,4515419,Large Urban,Full Reporter,HR,Heavy Rail,DO,R062,Blue Line,2023-08-15,2023,8,760,745,559,15,115000,1150000,10.00,15400.00,215000.00,98,108,130,20.1,2,0,1,17500000.00,3500000.00,3500000.00,2023-09-01 08:00:00
50008,SEPTA,Philadelphia,PA,Philadelphia,5649300,Large Urban,Full Reporter,LR,Light Rail,DO,L011,Route 34,2023-08-15,2023,8,580,557,390,23,78000,156000,2.00,5900.00,30000.00,42,48,62,36.2,3,0,2,5500000.00,1100000.00,1100000.00,2023-09-01 08:00:00
50009,Miami-Dade Transit,Miami,FL,Miami,5502379,Large Urban,Full Reporter,MB,Bus,DO,B062,Route 119,2023-09-15,2023,9,820,779,545,41,132000,330000,2.50,8800.00,57000.00,88,96,115,9.0,3,0,2,11200000.00,2240000.00,2240000.00,2023-10-01 08:00:00
50010,King County Metro,Seattle,WA,Seattle,3439809,Large Urban,Full Reporter,MB,Bus,DO,B072,RapidRide D,2023-09-15,2023,9,900,882,706,18,198000,495000,2.50,11800.00,88000.00,108,118,138,6.0,2,0,1,15200000.00,3800000.00,3040000.00,2023-10-01 08:00:00
50011,TriMet,Portland,OR,Portland,2226009,Large Urban,Full Reporter,LR,Light Rail,DO,L032,Orange Line,2023-09-15,2023,9,660,647,518,13,112000,1008000,9.00,13600.00,174000.00,65,72,88,14.2,2,0,1,13200000.00,2640000.00,2640000.00,2023-10-01 08:00:00
50012,RTD,Denver,CO,Denver,2374203,Large Urban,Full Reporter,MB,Bus,DO,B091,Route 0,2023-09-15,2023,9,660,627,439,33,118000,295000,2.50,6900.00,46000.00,68,76,90,7.2,3,0,1,7800000.00,1560000.00,1560000.00,2023-10-01 08:00:00
50013,VIA Metropolitan,San Antonio,TX,San Antonio,1895753,Large Urban,Full Reporter,MB,Bus,DO,B102,Primo 100,2023-09-15,2023,9,550,522,366,28,86000,172000,2.00,5700.00,35000.00,56,62,76,9.2,2,0,1,6000000.00,900000.00,1200000.00,2023-10-01 08:00:00
50015,MTA Maryland,Baltimore,MD,Baltimore,2710489,Large Urban,Full Reporter,HR,Heavy Rail,DO,R091,Metro SubwayLink,2023-09-15,2023,9,420,410,308,10,50000,350000,7.00,8600.00,117000.00,54,58,70,32.5,2,0,1,8200000.00,1230000.00,1640000.00,2023-10-01 08:00:00
50016,IndyGo,Indianapolis,IN,Indianapolis,1756241,Medium Urban,Full Reporter,MB,Bus,DO,B122,Route 39,2023-09-15,2023,9,500,475,333,25,65000,130000,2.00,5200.00,32000.00,46,52,62,4.2,2,0,1,4400000.00,660000.00,880000.00,2023-10-01 08:00:00
50017,CATA,State College,PA,State College,82640,Small Urban,Full Reporter,MB,Bus,DO,B132,Route RP,2023-09-15,2023,9,310,298,238,12,44000,66000,1.50,3100.00,17500.00,27,31,37,5.4,0,0,0,1750000.00,350000.00,350000.00,2023-10-01 08:00:00
50018,TARTA,Toledo,OH,Toledo,478635,Medium Urban,Full Reporter,MB,Bus,DO,B142,Route 31,2023-09-15,2023,9,420,390,273,30,56000,112000,2.00,4200.00,26000.00,38,44,52,10.0,1,0,0,3000000.00,450000.00,600000.00,2023-10-01 08:00:00
50019,Sun Metro,El Paso,TX,El Paso,803086,Medium Urban,Full Reporter,MB,Bus,DO,B152,Brio Alameda,2023-09-15,2023,9,350,333,233,17,50000,100000,2.00,3800.00,23000.00,34,38,46,6.6,1,0,0,2600000.00,390000.00,520000.00,2023-10-01 08:00:00
50020,StarTran,Lincoln,NE,Lincoln,283241,Small Urban,Full Reporter,MB,Bus,DO,B162,Route 44,2023-09-15,2023,9,250,237,178,13,30000,45000,1.50,2500.00,13500.00,18,22,26,8.2,0,0,0,1350000.00,202500.00,270000.00,2023-10-01 08:00:00
50024,RTA,Cleveland,OH,Cleveland,1780673,Large Urban,Full Reporter,MB,Bus,DO,B211,HealthLine,2023-09-15,2023,9,560,535,374,25,78000,156000,2.00,5800.00,36000.00,52,58,70,5.4,2,0,1,5000000.00,750000.00,1000000.00,2023-10-01 08:00:00
50025,SORTA,Cincinnati,OH,Cincinnati,1734428,Large Urban,Full Reporter,MB,Bus,DO,B222,Route 4,2023-03-15,2023,3,560,532,372,28,78000,156000,2.00,5800.00,36000.00,54,60,72,8.4,2,0,1,5000000.00,750000.00,1000000.00,2023-04-01 08:00:00
