invoice_id,order_id,customer_id,invoice_date,due_date,total_amount,tax_amount,currency,status,_ingested_at
1,1557,23,2024-09-19,2024-12-18,29.18,2.33,USD,PAID,2024-09-19T22:23:39
2,1256,151,2025-04-04,2025-05-04,238.06,19.04,USD,PAID,2025-04-04T21:07:41
3,367,146,2024-08-03,2024-11-01,120.01,9.60,USD,PAID,2024-08-04T09:58:36
4,16,109,2025-04-01,2025-05-01,49.95,4.00,USD,PAID,2025-04-01T14:58:02
5,106,92,2025-04-10,2025-05-10,28.45,2.28,USD,PAID,2025-04-10T05:31:18
6,872,162,2023-09-07,2023-12-06,42.52,3.40,USD,SENT,2023-09-07T22:30:15
7,1844,15,2025-08-17,2025-09-16,43.12,3.45,USD,PAID,2025-08-17T23:00:01
8,976,15,2024-02-05,2024-05-05,103.38,8.27,USD,PARTIAL,2024-02-05T08:09:02
9,295,76,2025-07-20,2025-09-03,74.68,5.97,USD,SENT,2025-07-20T19:14:40
10,528,31,2024-09-28,2024-11-12,29.38,2.35,USD,PAID,2024-09-29T05:13:53
11,1664,103,2023-04-23,2023-06-22,34.90,2.79,USD,PAID,2023-04-23T23:52:26
12,472,80,2024-07-30,2024-08-29,11.88,0.95,USD,OVERDUE,2024-07-31T04:00:39
13,512,99,2024-04-27,2024-05-27,4.34,0.35,USD,OVERDUE,2024-04-28T00:06:38
14,601,176,2023-05-05,2023-08-03,12.61,1.01,USD,SENT,2023-05-05T22:21:15
15,839,169,2025-04-08,2025-05-23,147.26,11.78,USD,PARTIAL,2025-04-09T04:46:55
16,9,171,2024-08-11,2024-11-09,24.77,1.98,USD,PAID,2024-08-12T04:36:14
17,1542,181,2023-10-28,2023-12-12,106.91,8.55,USD,PAID,2023-10-28T13:53:12
18,1531,43,2024-06-20,2024-09-18,18.77,1.50,USD,PARTIAL,2024-06-21T11:31:45
19,1148,136,2024-11-20,2025-01-04,3.57,0.29,USD,PAID,2024-11-21T18:52:31
20,1969,15,2025-09-08,2025-11-07,20.53,1.64,USD,PAID,2025-09-08T21:18:14
21,809,103,2025-05-15,2025-07-14,30.47,2.44,USD,PARTIAL,2025-05-15T20:59:33
22,1151,184,2024-05-26,2024-07-10,431.39,34.51,USD,PAID,2024-05-26T10:07:37
23,377,123,2023-11-19,2024-01-18,36.38,2.91,USD,OVERDUE,2023-11-20T07:19:05
24,1885,13,2025-01-09,2025-02-23,35.86,2.87,USD,SENT,2025-01-10T12:44:26
25,118,179,2024-06-15,2024-07-30,62.42,4.99,USD,CANCELLED,2024-06-16T11:12:52
26,145,144,2023-10-20,2023-11-19,52.66,4.21,USD,OVERDUE,2023-10-21T01:57:20
27,1389,30,2023-09-27,2023-11-26,225.12,18.01,USD,SENT,2023-09-28T17:46:12
28,777,43,2023-08-01,2023-09-15,59.17,4.73,USD,PAID,2023-08-02T05:59:16
29,1281,112,2023-12-26,2024-02-09,40.87,3.27,USD,PAID,2023-12-27T00:03:08
30,26,60,2023-06-22,2023-08-06,45.74,3.66,USD,OVERDUE,2023-06-23T04:26:41
31,1824,21,2023-05-31,2023-07-15,83.84,6.71,USD,PAID,2023-05-31T21:10:02
32,813,6,2023-09-16,2023-12-15,39.76,3.18,USD,DRAFT,2023-09-17T00:33:14
33,149,11,2023-07-26,2023-08-25,36.60,2.93,USD,PAID,2023-07-26T17:08:20
34,1984,9,2025-11-27,2026-01-26,320.38,25.63,USD,CANCELLED,2025-11-28T09:44:03
35,1768,74,2025-08-06,2025-09-20,71.42,5.71,USD,DRAFT,2025-08-07T00:36:47
36,496,166,2025-03-06,2025-04-20,21.30,1.70,USD,SENT,2025-03-07T03:53:38
37,414,34,2025-05-31,2025-06-30,42.19,3.38,USD,DRAFT,2025-05-31T08:03:13
38,1911,165,2023-04-06,2023-06-05,5.45,0.44,USD,SENT,2023-04-06T06:22:18
39,980,157,2024-11-24,2024-12-24,25.84,2.07,USD,PAID,2024-11-24T08:13:47
40,206,112,2023-09-06,2023-10-21,118.83,9.51,USD,OVERDUE,2023-09-07T04:42:40
41,1406,66,2023-09-27,2023-11-11,36.19,2.90,USD,PAID,2023-09-27T21:27:53
42,863,102,2025-11-10,2025-12-10,20.97,1.68,USD,OVERDUE,2025-11-11T00:22:31
43,199,161,2024-01-11,2024-03-11,27.29,2.18,USD,PAID,2024-01-11T09:18:56
44,1376,66,2024-11-09,2024-12-09,76.96,6.16,USD,PARTIAL,2024-11-09T12:30:41
45,292,179,2024-04-03,2024-05-18,84.52,6.76,USD,PAID,2024-04-04T04:47:18
46,1764,98,2023-11-04,2024-02-02,40.86,3.27,USD,SENT,2023-11-04T19:13:06
47,60,46,2024-05-08,2024-08-06,32.56,2.60,USD,SENT,2024-05-09T05:59:38
48,234,169,2025-08-22,2025-10-21,88.31,7.06,USD,DRAFT,2025-08-22T20:30:54
49,1853,166,2024-07-28,2024-10-26,19.00,1.52,USD,OVERDUE,2024-07-28T18:51:24
50,450,69,2024-06-19,2024-07-19,32.65,2.61,USD,PARTIAL,2024-06-20T04:46:18
51,911,134,2024-02-25,2024-04-25,71.88,5.75,USD,PAID,2024-02-25T23:54:35
52,1013,196,2024-02-11,2024-03-12,93.75,7.50,USD,DRAFT,2024-02-12T20:13:38
53,217,74,2024-05-13,2024-06-27,80.39,6.43,USD,PARTIAL,2024-05-14T00:58:50
54,175,179,2023-04-16,2023-06-15,46.73,3.74,USD,PARTIAL,2023-04-16T20:44:47
55,,151,2023-05-10,2023-06-24,117.91,9.43,USD,PARTIAL,2023-05-11T16:21:55
56,881,74,2024-05-12,2024-06-26,13.29,1.06,USD,SENT,2024-05-13T00:14:45
57,551,135,2025-12-08,2026-02-06,110.34,8.83,USD,SENT,2025-12-09T09:49:48
58,264,75,2023-09-03,2023-11-02,66.25,5.30,USD,PAID,2023-09-04T18:06:00
59,378,118,2025-02-18,2025-04-19,116.00,9.28,USD,PAID,2025-02-18T15:22:39
60,1057,19,2024-05-26,2024-07-10,106.99,8.56,USD,PAID,2024-05-26T14:25:40
61,1625,22,2023-08-13,2023-09-12,14.92,1.19,USD,PAID,2023-08-13T15:26:24
62,529,182,2024-10-23,2025-01-21,31.56,2.52,USD,SENT,2024-10-23T19:24:51
63,1329,65,2025-05-12,2025-06-26,32.41,2.59,USD,DRAFT,2025-05-12T18:50:12
64,1870,142,2024-06-26,2024-08-10,41.58,3.33,USD,PAID,2024-06-27T18:11:51
65,1731,137,2023-11-21,,81.62,6.53,USD,OVERDUE,2023-11-21T14:52:19
66,655,173,2025-07-10,2025-09-08,18.99,1.52,USD,SENT,2025-07-11T16:54:54
67,206,187,2024-07-17,2024-08-31,73.65,5.89,USD,OVERDUE,2024-07-18T12:46:10
68,1288,24,2025-11-03,2026-01-02,38.11,3.05,USD,DRAFT,2025-11-04T07:12:27
69,531,27,2025-04-25,2025-07-24,29.68,2.37,USD,PARTIAL,2025-04-25T12:53:42
70,486,152,2024-06-30,2024-08-14,170.21,13.62,USD,PAID,2024-06-30T13:50:50
71,1724,34,2024-03-25,2024-05-24,45.53,3.64,USD,OVERDUE,2024-03-25T20:12:30
72,843,135,2025-10-24,2025-11-23,65.20,5.22,USD,SENT,2025-10-25T08:04:33
73,61,126,2024-04-16,2024-07-15,86.37,6.91,USD,PARTIAL,2024-04-16T12:05:01
74,78,33,2023-04-13,2023-07-12,128.90,10.31,USD,PAID,2023-04-14T14:39:23
75,728,199,2023-04-19,2023-06-18,61.63,4.93,USD,PAID,2023-04-20T13:37:29
76,1302,184,2023-03-04,2023-04-03,18.66,1.49,USD,PAID,2023-03-04T10:37:54
77,258,141,2023-03-11,2023-04-25,10.57,0.85,USD,PAID,2023-03-12T00:19:47
78,116,161,2025-08-03,2025-09-02,289.82,23.19,USD,DRAFT,2025-08-03T19:42:45
79,1429,39,2025-06-03,2025-09-01,54.41,4.35,USD,PAID,2025-06-04T18:25:33
80,1386,68,2024-05-27,2024-07-26,59.02,4.72,USD,PAID,2024-05-27T09:00:03
81,1963,156,2025-01-13,2025-02-12,39.50,3.16,USD,PARTIAL,2025-01-13T21:52:17
82,1956,183,2025-05-14,2025-06-28,32.51,2.60,USD,OVERDUE,2025-05-14T22:56:31
83,1811,68,2023-12-12,2024-02-10,27.37,2.19,USD,PAID,2023-12-12T23:12:25
84,986,162,2023-01-10,2023-02-24,63.46,5.08,USD,OVERDUE,2023-01-10T20:28:27
85,818,143,2023-10-03,2023-12-02,79.08,6.33,USD,DRAFT,2023-10-04T09:51:18
86,677,198,2024-12-26,2025-02-09,54.66,4.37,USD,PAID,2024-12-27T04:24:57
87,1555,64,2024-05-25,2024-07-09,80.19,6.42,USD,PARTIAL,2024-05-25T20:15:58
88,695,130,2024-01-15,2024-04-14,25.50,2.04,USD,PAID,2024-01-15T19:44:00
89,1509,44,2025-10-10,2026-01-08,86.91,6.95,USD,PAID,2025-10-11T07:37:34
90,910,119,2025-01-17,2025-03-18,79.79,6.38,USD,PAID,2025-01-17T18:58:39
91,951,200,2025-03-16,2025-06-14,69.24,5.54,USD,PAID,2025-03-16T21:53:45
92,893,81,2025-11-15,2026-02-13,24.40,1.95,USD,DRAFT,2025-11-15T20:23:46
93,1906,194,2023-07-16,2023-08-15,282.11,22.57,USD,PARTIAL,2023-07-16T09:13:45
94,42,89,2025-07-03,2025-08-17,24.38,1.95,USD,OVERDUE,2025-07-04T12:50:43
95,14,48,2023-03-09,2023-04-23,68.27,5.46,USD,PAID,2023-03-10T02:43:34
96,36,166,2024-07-01,2024-08-30,3.92,0.31,USD,PAID,2024-07-02T03:18:14
97,756,88,2025-06-22,2025-07-22,146.93,11.75,USD,CANCELLED,2025-06-22T22:08:17
98,1013,4,2025-01-01,,188.88,15.11,USD,PAID,2025-01-02T01:49:49
99,765,177,2025-07-28,2025-08-27,-13.37,1.07,USD,PARTIAL,2025-07-29T13:29:34
100,1880,191,2024-07-11,2024-09-09,87.50,7.00,USD,PARTIAL,2024-07-11T23:20:53
101,162,23,2025-07-25,2025-09-08,305.15,24.41,USD,PARTIAL,2025-07-26T17:12:33
102,453,63,2023-05-07,2023-06-21,18.35,1.47,USD,PAID,2023-05-07T18:56:02
103,15,88,2025-05-09,2025-07-08,129.21,10.34,USD,CANCELLED,2025-05-09T23:57:53
104,1187,172,2024-02-22,2024-05-22,89.24,7.14,USD,PARTIAL,2024-02-22T06:02:23
105,281,74,2023-08-30,2023-09-29,32.56,2.60,USD,SENT,2023-08-31T00:53:57
106,884,29,2024-02-07,2024-03-23,35.98,2.88,USD,PAID,2024-02-07T23:40:25
107,1262,199,2025-05-19,2025-07-03,19.44,1.56,USD,PAID,2025-05-19T23:30:14
108,1542,73,2024-10-27,2025-01-25,176.20,14.10,USD,PAID,2024-10-27T18:13:09
109,358,9,2023-12-06,2024-02-04,17.58,1.41,USD,OVERDUE,2023-12-06T22:50:00
110,39,186,2024-11-10,2024-12-10,33.40,2.67,USD,SENT,2024-11-10T19:14:44
111,369,121,2024-07-31,2024-09-29,21.99,1.76,USD,DRAFT,2024-07-31T07:04:47
112,630,154,2024-05-13,2024-06-12,24.47,1.96,USD,OVERDUE,2024-05-13T04:30:14
113,483,157,2025-11-09,2025-12-24,9.56,0.76,USD,OVERDUE,2025-11-10T00:36:10
114,1646,31,2025-05-10,2025-08-08,88.22,7.06,USD,PAID,2025-05-10T06:12:03
115,543,21,2023-09-24,2023-12-23,227.88,18.23,USD,PARTIAL,2023-09-24T08:45:33
116,1269,70,2025-03-14,2025-04-13,93.95,7.52,USD,PAID,2025-03-15T23:53:05
117,223,35,2024-01-30,2024-04-29,435.61,34.85,USD,PAID,2024-01-30T09:41:04
118,257,135,2025-09-24,2025-10-24,26.12,2.09,USD,PARTIAL,2025-09-25T17:55:01
119,740,154,2025-10-21,2025-12-20,111.56,8.92,USD,PAID,2025-10-21T14:09:28
120,949,44,2023-11-04,2024-01-03,84.04,6.72,USD,PAID,2023-11-04T16:56:53
121,1215,27,2024-01-12,2024-02-26,81.40,6.51,USD,PAID,2024-01-13T18:12:31
122,1769,45,2025-12-20,2026-02-03,48.52,3.88,USD,PAID,2025-12-20T23:00:45
123,30,198,2024-04-17,2024-05-17,57.51,4.60,USD,PARTIAL,2024-04-18T02:56:57
124,1733,147,2025-08-23,2025-10-22,61.72,4.94,USD,OVERDUE,2025-08-24T19:08:58
125,889,79,2024-07-31,2024-09-14,56.78,4.54,USD,PAID,2024-08-01T19:56:37
126,501,89,2024-09-11,2024-12-10,31.34,2.51,USD,PAID,2024-09-12T04:48:39
127,500,181,2025-11-18,2025-12-18,72.17,5.77,USD,PAID,2025-11-18T18:20:35
128,784,172,2023-11-21,2024-01-05,93.68,7.49,USD,PAID,2023-11-21T21:22:42
129,1092,112,2023-03-30,2023-05-14,31.45,2.52,USD,PAID,2023-03-31T14:56:32
130,1034,20,2023-11-22,2024-02-20,31.03,2.48,USD,PAID,2023-11-22T05:59:29
131,677,151,2025-03-07,2025-05-06,38.99,3.12,USD,OVERDUE,2025-03-07T20:40:24
132,291,105,2025-07-27,2025-09-25,112.48,9.00,USD,OVERDUE,2025-07-28T01:02:38
133,1006,134,2024-08-03,2024-11-01,27.78,2.22,USD,DRAFT,2024-08-04T13:21:12
134,905,152,2024-11-18,2025-02-16,64.45,5.16,USD,PARTIAL,2024-11-18T21:23:09
135,352,36,2023-01-29,2023-03-15,29.15,2.33,USD,PAID,2023-01-30T13:44:43
136,982,9,2024-08-17,2024-10-16,123.14,9.85,USD,PAID,2024-08-18T03:18:59
137,553,94,2024-09-19,2024-11-03,16.00,1.28,USD,PAID,2024-09-19T12:38:34
138,1385,190,2024-04-04,2024-07-03,18.98,1.52,USD,PARTIAL,2024-04-04T16:07:58
139,651,129,2023-02-13,2023-03-15,57.16,4.57,USD,PARTIAL,2023-02-13T18:42:12
140,1376,69,2023-03-12,2023-06-10,173.77,13.90,USD,DRAFT,2023-03-13T04:17:29
141,1466,200,2025-06-19,2025-09-17,12.10,0.97,USD,PAID,2025-06-20T13:46:44
142,1278,38,2025-01-04,2025-02-03,40.98,3.28,USD,PARTIAL,2025-01-04T18:18:27
143,1478,35,2023-08-28,2023-11-26,29.96,2.40,USD,PARTIAL,2023-08-29T15:26:07
144,1161,80,2024-02-04,2024-04-04,13.92,1.11,USD,PAID,2024-02-05T01:23:02
145,653,3,2025-09-16,2025-10-16,80.29,6.42,USD,CANCELLED,2025-09-16T23:40:22
146,1730,200,2023-07-26,2023-10-24,56.45,4.52,USD,PAID,2023-07-26T17:54:55
147,337,158,2024-07-30,2024-09-13,89.33,7.15,USD,PAID,2024-07-30T19:09:30
148,1818,66,2023-03-01,2023-04-30,42.42,3.39,USD,PARTIAL,2023-03-01T21:22:50
149,896,134,2024-01-16,2024-02-15,24.96,2.00,USD,PAID,2024-01-16T09:57:58
150,740,176,2023-06-02,2023-08-31,8.61,0.69,USD,CANCELLED,2023-06-02T20:07:00
151,1706,151,2025-03-02,2025-05-01,173.25,13.86,USD,PAID,2025-03-02T21:53:04
152,1242,11,2024-06-18,2024-08-17,110.84,8.87,USD,DRAFT,2024-06-18T03:27:20
153,1688,99,2024-06-18,2024-09-16,80.75,6.46,USD,PAID,2024-06-19T22:23:26
154,1777,32,2023-11-04,2024-02-02,70.69,5.66,USD,OVERDUE,2023-11-04T03:24:53
155,1485,24,2023-03-15,2023-05-14,11.30,0.90,USD,PAID,2023-03-16T02:33:36
156,400,47,2023-04-20,2023-06-19,178.82,14.31,USD,PAID,2023-04-20T22:35:54
157,917,67,2023-09-25,2023-11-09,118.29,9.46,USD,PARTIAL,2023-09-26T05:39:40
158,561,171,2025-04-13,2025-05-28,102.96,8.24,USD,CANCELLED,2025-04-13T14:36:23
159,1879,170,2023-06-16,2023-08-15,8.73,0.70,USD,PAID,2023-06-16T20:02:08
160,905,149,2025-04-19,2025-05-19,377.55,30.20,USD,PAID,2025-04-20T03:50:39
161,535,90,2024-09-17,2024-11-01,47.27,3.78,USD,OVERDUE,2024-09-17T19:13:09
162,764,56,2025-07-24,2025-09-07,203.35,16.27,USD,PAID,2025-07-24T20:57:39
163,734,52,2025-05-18,2025-08-16,47.14,3.77,USD,PARTIAL,2025-05-19T02:05:01
164,1725,32,2023-05-31,2023-07-30,78.91,6.31,USD,PAID,2023-05-31T15:34:32
165,1012,150,2023-05-30,2023-08-28,67.36,5.39,USD,DRAFT,2023-05-31T15:24:55
166,1405,67,2025-07-31,2025-09-14,53.63,4.29,USD,PAID,2025-08-01T17:57:52
167,1136,137,2025-06-22,2025-09-20,71.65,5.73,USD,DRAFT,2025-06-23T02:48:06
168,53,94,2024-06-19,2024-08-03,7.21,0.58,USD,OVERDUE,2024-06-20T03:38:26
169,1800,161,2023-04-11,2023-05-26,63.17,5.05,USD,PAID,2023-04-11T21:54:21
170,1023,143,2024-08-19,2024-10-18,45.46,3.64,USD,PAID,2024-08-19T09:43:38
171,818,48,2023-08-04,2023-09-18,149.48,11.96,USD,PAID,2023-08-05T03:53:47
172,1203,124,2024-05-13,2024-08-11,762.73,61.02,USD,PAID,2024-05-13T14:36:15
173,1841,114,2023-07-07,2023-08-21,47.31,3.78,USD,PAID,2023-07-07T22:04:22
174,634,153,2023-01-23,2023-03-24,63.07,5.05,USD,PAID,2023-01-23T16:14:25
175,1713,34,2023-07-11,2023-08-25,48.51,3.88,USD,PAID,2023-07-12T18:15:16
176,1176,17,2025-01-22,2025-02-21,16.37,1.31,USD,DRAFT,2025-01-22T19:39:41
177,248,133,2023-12-18,2024-02-16,164.14,13.13,USD,PARTIAL,2023-12-18T15:44:31
178,973,151,2023-04-05,2023-06-04,116.09,9.29,USD,DRAFT,2023-04-06T06:33:04
179,1527,20,2024-12-10,2025-01-09,18.24,1.46,USD,CANCELLED,2024-12-10T17:07:35
180,797,15,2024-06-27,2024-08-26,17.08,1.37,USD,PAID,2024-06-27T04:01:47
181,1212,3,2025-07-31,2025-08-30,259.34,20.75,USD,PAID,2025-07-31T04:06:18
182,1417,169,2024-04-13,2024-06-12,22.31,1.78,USD,SENT,2024-04-14T10:55:38
183,1930,4,2023-11-06,2023-12-21,221.36,17.71,USD,OVERDUE,2023-11-06T18:46:45
184,809,100,2024-10-05,2024-12-04,180.87,14.47,USD,PAID,2024-10-05T15:11:53
185,500,90,2024-03-31,2024-06-29,60.20,4.82,USD,OVERDUE,2024-03-31T20:54:00
186,1893,130,2023-06-19,,26.05,2.08,USD,PAID,2023-06-19T22:37:06
187,71,130,2024-04-22,,78.43,6.27,USD,OVERDUE,2024-04-22T17:10:49
188,1329,190,2023-11-17,2024-01-16,40.85,3.27,USD,SENT,2023-11-17T17:36:14
189,854,61,2023-10-19,2024-01-17,26.13,2.09,USD,PAID,2023-10-20T13:28:30
190,1796,66,2023-07-28,2023-08-27,103.11,8.25,USD,OVERDUE,2023-07-28T05:31:11
191,815,64,2025-10-31,2025-12-30,74.79,5.98,USD,OVERDUE,2025-11-01T10:18:23
192,1533,138,2024-12-14,2025-01-28,58.10,4.65,USD,PAID,2024-12-14T17:54:43
193,179,44,2023-04-20,2023-07-19,24.45,1.96,USD,PAID,2023-04-20T15:59:55
194,512,113,2024-11-25,2025-02-23,20.07,1.61,USD,PAID,2024-11-25T23:42:17
195,1254,195,2024-03-03,2024-04-02,76.63,6.13,USD,OVERDUE,2024-03-04T10:47:25
196,85,69,2023-04-05,2023-06-04,12.10,0.97,USD,PAID,2023-04-05T21:04:50
197,1170,49,2025-10-26,2026-01-24,10.37,0.83,USD,PAID,2025-10-26T18:54:31
198,1314,185,2025-10-24,2025-12-23,226.44,18.12,USD,PAID,2025-10-24T15:01:26
199,543,108,2023-02-09,2023-04-10,-240.25,19.22,USD,PAID,2023-02-09T12:52:02
200,987,17,2024-08-02,2024-10-31,15.39,1.23,USD,PAID,2024-08-02T16:14:12
201,1478,10,2024-11-10,2024-12-25,60.39,4.83,USD,PAID,2024-11-10T22:28:20
202,542,18,2025-10-25,2025-12-24,24.02,1.92,USD,SENT,2025-10-25T19:28:00
203,614,55,2023-08-14,2023-10-13,11.39,0.91,USD,CANCELLED,2023-08-14T16:42:28
204,111,124,2023-07-23,2023-08-22,180.21,14.42,USD,SENT,2023-07-23T18:10:50
205,1805,81,2025-07-03,2025-09-01,93.65,7.49,USD,SENT,2025-07-04T05:13:40
206,197,68,2023-09-19,2023-11-03,35.76,2.86,USD,OVERDUE,2023-09-20T10:09:40
207,1079,38,2023-02-18,2023-04-04,599.59,47.97,USD,CANCELLED,2023-02-18T10:23:14
208,,88,2025-12-04,2026-01-03,75.24,6.02,USD,DRAFT,2025-12-05T08:28:54
209,996,61,2024-04-10,2024-05-10,153.32,12.27,USD,CANCELLED,2024-04-11T02:32:11
210,1440,163,2024-06-23,2024-08-07,34.72,2.78,USD,PAID,2024-06-24T03:36:52
211,1313,31,2025-08-21,2025-11-19,62.27,4.98,USD,PAID,2025-08-22T16:28:29
212,386,29,2025-05-16,2025-06-30,34.22,2.74,USD,OVERDUE,2025-05-16T06:47:24
213,768,170,2024-07-29,2024-08-28,6.93,0.55,USD,OVERDUE,2024-07-30T07:58:47
214,1150,167,2024-04-10,2024-05-10,10.83,0.87,USD,PAID,2024-04-11T16:01:43
215,1651,86,2025-09-28,2025-11-12,20.28,1.62,USD,PAID,2025-09-29T07:30:35
216,1793,58,2024-02-07,2024-05-07,82.04,6.56,USD,PAID,2024-02-07T11:44:53
217,18,196,2024-10-31,2024-11-30,53.07,4.25,USD,PARTIAL,2024-10-31T21:05:40
218,1824,104,2024-10-07,2024-11-21,103.40,8.27,USD,PAID,2024-10-08T04:08:08
219,1275,134,2024-02-03,2024-04-03,286.29,22.90,USD,PAID,2024-02-04T17:13:51
220,841,154,2023-07-01,2023-08-15,62.78,5.02,USD,PAID,2023-07-02T10:56:46
221,1926,145,2025-05-07,2025-08-05,61.09,4.89,USD,PAID,2025-05-08T00:33:58
222,47,167,2025-07-09,2025-08-23,36.65,2.93,USD,PAID,2025-07-10T04:45:12
223,1066,48,2024-10-01,2024-11-15,235.52,18.84,USD,PAID,2024-10-02T18:07:12
224,461,16,2024-09-30,2024-12-29,38.00,3.04,USD,PAID,2024-09-30T16:26:01
225,1845,31,2023-01-30,2023-03-31,18.23,1.46,USD,PAID,2023-01-30T16:01:32
226,1400,23,2025-05-13,2025-06-27,18.01,1.44,USD,SENT,2025-05-14T12:31:31
227,1061,137,2024-12-26,2025-02-24,76.08,6.09,USD,OVERDUE,2024-12-26T20:00:18
228,1543,136,2024-11-06,2025-01-05,140.42,11.23,USD,SENT,2024-11-07T07:53:25
229,1342,185,2023-12-07,2024-01-21,9.29,0.74,USD,PAID,2023-12-08T10:42:03
230,510,29,2023-12-29,2024-03-28,50.29,4.02,USD,PARTIAL,2023-12-29T14:30:04
231,834,177,2025-09-02,2025-10-17,43.97,3.52,USD,PAID,2025-09-03T00:36:07
232,322,30,2024-02-06,2024-03-07,66.42,5.31,USD,OVERDUE,2024-02-07T02:11:37
233,107,124,2023-07-19,2023-09-17,163.60,13.09,USD,PAID,2023-07-20T12:47:30
234,368,70,2024-12-07,2025-01-21,115.93,9.27,USD,SENT,2024-12-08T05:49:23
235,486,126,2023-05-16,2023-08-14,157.21,12.58,USD,OVERDUE,2023-05-17T05:58:04
236,94,127,2025-04-28,2025-06-27,61.51,4.92,USD,PARTIAL,2025-04-29T09:27:22
237,1336,18,2023-02-15,2023-04-01,149.10,11.93,USD,PAID,2023-02-15T05:29:13
238,1817,125,2023-04-09,2023-07-08,84.19,6.74,USD,PAID,2023-04-10T00:52:32
239,640,11,2024-06-01,2024-08-30,70.41,5.63,USD,PAID,2024-06-01T20:28:05
240,1446,120,2025-05-21,2025-07-20,115.22,9.22,USD,PARTIAL,2025-05-22T01:06:54
241,457,179,2025-04-26,2025-06-10,142.24,11.38,USD,PARTIAL,2025-04-26T19:56:05
242,1350,35,2025-05-26,2025-07-25,168.24,13.46,USD,SENT,2025-05-26T03:16:39
243,767,180,2023-05-21,2023-07-20,8.53,0.68,USD,PAID,2023-05-22T03:29:42
244,818,77,2024-03-21,2024-05-20,11.70,0.94,USD,DRAFT,2024-03-21T19:09:17
245,841,15,2025-12-04,2026-01-18,110.12,8.81,USD,OVERDUE,2025-12-05T07:02:39
246,1339,186,2024-03-28,2024-06-26,54.01,4.32,USD,OVERDUE,2024-03-28T21:16:52
247,1678,77,2025-12-24,2026-03-24,469.97,37.60,USD,CANCELLED,2025-12-25T05:26:54
248,1139,170,2024-10-29,2024-12-13,85.96,6.88,USD,OVERDUE,2024-10-29T16:56:46
249,519,13,2025-09-26,2025-11-10,16.74,1.34,USD,PAID,2025-09-27T02:49:04
250,1762,48,2024-12-14,2025-02-12,240.83,19.27,USD,DRAFT,2024-12-15T18:34:01
251,536,60,2023-01-27,2023-04-27,109.32,8.75,USD,PAID,2023-01-27T22:53:17
252,943,121,2023-01-11,2023-03-12,98.18,7.85,USD,SENT,2023-01-12T08:02:36
253,1650,171,2025-11-09,2025-12-24,50.12,4.01,USD,PARTIAL,2025-11-10T00:48:36
254,454,18,2023-03-05,2023-05-04,236.97,18.96,USD,PAID,2023-03-05T15:19:38
255,251,168,2025-08-07,2025-09-21,92.32,7.39,USD,PAID,2025-08-07T10:18:55
256,1619,196,2025-12-13,2026-03-13,93.98,7.52,USD,OVERDUE,2025-12-14T07:23:40
257,1466,134,2023-04-12,2023-06-11,70.07,5.61,USD,PAID,2023-04-13T09:12:32
258,87,150,2025-06-19,2025-08-03,96.08,7.69,USD,PAID,2025-06-19T21:12:04
259,1731,196,2025-10-21,2025-11-20,127.31,10.18,USD,OVERDUE,2025-10-22T05:36:48
260,1570,84,2024-05-20,2024-07-04,46.46,3.72,USD,PAID,2024-05-21T02:43:49
261,1100,152,2025-01-07,2025-02-21,96.78,7.74,USD,PAID,2025-01-07T06:48:30
262,1302,17,2024-11-09,2025-02-07,22.69,1.82,USD,PARTIAL,2024-11-09T09:46:16
263,205,136,2024-08-12,2024-11-10,86.28,6.90,USD,OVERDUE,2024-08-12T19:22:45
264,1747,185,2024-10-10,2024-11-09,88.69,7.10,USD,PAID,2024-10-10T15:24:02
265,1563,76,2025-03-17,2025-06-15,17.79,1.42,USD,PARTIAL,2025-03-18T04:13:49
266,1795,188,2024-09-14,2024-10-14,107.56,8.60,USD,SENT,2024-09-15T01:48:01
267,128,140,2025-06-03,2025-08-02,61.11,4.89,USD,PARTIAL,2025-06-04T15:30:12
268,1336,128,2023-09-06,2023-10-06,78.73,6.30,USD,PARTIAL,2023-09-06T15:00:57
269,1634,83,2023-01-28,2023-04-28,36.09,2.89,USD,OVERDUE,2023-01-28T23:26:24
270,871,44,2023-02-01,2023-04-02,29.04,2.32,USD,PAID,2023-02-02T10:30:39
271,1155,156,2023-10-09,2023-11-23,104.05,8.32,USD,PAID,2023-10-09T20:20:32
272,1093,16,2024-05-25,2024-06-24,50.25,4.02,USD,PARTIAL,2024-05-25T11:06:30
273,1776,65,2023-12-30,2024-03-29,26.90,2.15,USD,CANCELLED,2023-12-30T12:13:36
274,1094,76,2023-09-04,2023-10-19,10.69,0.86,USD,PAID,2023-09-04T22:01:03
275,1824,73,2024-07-15,2024-08-29,2.68,0.21,USD,PAID,2024-07-15T10:45:49
276,352,17,2024-11-23,2025-02-21,133.47,10.68,USD,PAID,2024-11-24T14:42:05
277,654,111,2025-07-04,2025-09-02,15.11,1.21,USD,PAID,2025-07-04T15:54:56
278,241,64,2025-06-24,2025-09-22,17.38,1.39,USD,SENT,2025-06-24T22:41:29
279,943,72,2025-06-30,2025-09-28,28.39,2.27,USD,PAID,2025-06-30T15:15:29
280,2,158,2025-01-30,2025-04-30,11.89,0.95,USD,PARTIAL,2025-01-30T20:20:45
281,1575,137,2025-07-21,2025-08-20,133.87,10.71,USD,CANCELLED,2025-07-22T18:46:32
282,1372,82,2024-04-23,2024-07-22,144.98,11.60,USD,PARTIAL,2024-04-24T15:51:05
283,865,53,2025-07-19,2025-09-02,354.97,28.40,USD,PARTIAL,2025-07-20T13:24:27
284,1930,40,2024-10-21,2024-12-20,80.41,6.43,USD,PARTIAL,2024-10-21T20:19:22
285,1422,72,2024-02-25,2024-04-25,536.62,42.93,USD,SENT,2024-02-25T16:18:04
286,1122,105,2024-09-26,2024-12-25,822.22,65.78,USD,PAID,2024-09-27T10:35:05
287,1013,61,2023-06-30,2023-08-14,57.89,4.63,USD,PAID,2023-07-01T05:36:00
288,751,192,2023-01-29,2023-04-29,49.50,3.96,USD,PARTIAL,2023-01-30T00:57:59
289,1369,127,2023-09-29,2023-12-28,65.94,5.28,USD,PAID,2023-09-30T01:42:12
290,482,1,2025-03-03,2025-05-02,30.72,2.46,USD,SENT,2025-03-03T11:40:15
291,1049,35,2025-06-15,2025-07-30,16.45,1.32,USD,SENT,2025-06-16T05:52:53
292,559,126,2024-06-02,2024-07-17,22.75,1.82,USD,PARTIAL,2024-06-02T22:01:49
293,616,5,2024-01-29,2024-02-28,-216.13,17.29,USD,PARTIAL,2024-01-29T15:37:22
294,44,137,2023-06-15,2023-08-14,92.70,7.42,USD,PAID,2023-06-15T22:24:54
295,1164,9,2023-09-22,2023-10-22,495.00,39.60,USD,OVERDUE,2023-09-22T23:23:29
296,561,34,2024-03-27,2024-05-26,25.33,2.03,USD,PAID,2024-03-28T00:13:46
297,429,153,2025-09-23,2025-11-22,52.52,4.20,USD,PAID,2025-09-23T20:46:23
298,1120,166,2023-09-22,2023-12-21,41.26,3.30,USD,PAID,2023-09-23T01:57:56
299,180,12,2025-11-18,2025-12-18,179.14,14.33,USD,PAID,2025-11-18T17:54:02
300,65,179,2025-03-06,2025-04-20,68.11,5.45,USD,DRAFT,2025-03-07T15:36:19
301,1504,187,2025-03-16,2025-06-14,12.40,0.99,USD,PARTIAL,2025-03-16T22:35:21
302,231,24,2024-07-25,2024-09-23,46.11,3.69,USD,CANCELLED,2024-07-26T11:43:41
303,1408,13,2024-11-12,2025-02-10,6.55,0.52,USD,PAID,2024-11-12T10:41:00
304,440,80,2024-01-13,2024-02-27,169.51,13.56,USD,PAID,2024-01-14T03:59:55
305,1998,161,2024-02-10,2024-04-10,42.23,3.38,USD,PAID,2024-02-11T00:15:48
306,109,67,2025-02-08,2025-03-10,18.29,1.46,USD,PARTIAL,2025-02-08T15:08:11
307,62,56,2024-04-07,2024-07-06,11.41,0.91,USD,PAID,2024-04-07T20:52:45
308,1434,111,2023-07-09,2023-08-23,82.37,6.59,USD,PAID,2023-07-10T01:53:05
309,996,8,2024-02-04,2024-05-04,160.78,12.86,USD,PARTIAL,2024-02-05T06:26:15
310,113,56,2024-05-29,2024-06-28,112.55,9.00,USD,PARTIAL,2024-05-29T16:06:42
311,280,117,2023-11-29,2024-01-28,34.57,2.77,USD,SENT,2023-11-30T00:52:13
312,1048,161,2025-07-09,2025-08-08,35.37,2.83,USD,OVERDUE,2025-07-09T23:43:36
313,490,32,2024-01-18,2024-02-17,83.47,6.68,USD,PAID,2024-01-18T23:04:17
314,564,55,2025-03-20,2025-06-18,70.88,5.67,USD,PAID,2025-03-21T03:16:04
315,1690,122,2023-05-04,2023-06-03,33.08,2.65,USD,PAID,2023-05-05T01:34:09
316,1279,169,2024-06-21,2024-08-20,497.56,39.80,USD,SENT,2024-06-22T10:47:23
317,1633,156,2024-09-19,2024-11-18,16.83,1.35,USD,SENT,2024-09-19T13:15:31
318,1149,32,2024-11-27,2025-01-11,109.43,8.75,USD,PAID,2024-11-27T15:50:38
319,1544,172,2025-11-07,2025-12-07,13.36,1.07,USD,OVERDUE,2025-11-07T22:56:29
320,1865,52,2023-04-07,2023-07-06,216.03,17.28,USD,PAID,2023-04-08T01:32:39
321,552,172,2025-02-05,2025-03-07,68.22,5.46,USD,PAID,2025-02-06T17:36:21
322,1151,30,2023-04-26,2023-06-10,33.94,2.72,USD,OVERDUE,2023-04-27T06:53:58
323,745,35,2023-12-30,2024-02-28,85.57,6.85,USD,SENT,2023-12-30T12:30:44
324,560,97,2024-02-26,2024-04-26,270.04,21.60,USD,PARTIAL,2024-02-26T17:26:11
325,60,49,2023-11-26,2024-02-24,47.26,3.78,USD,PAID,2023-11-26T09:01:45
326,1827,80,2023-03-24,2023-05-23,64.66,5.17,USD,OVERDUE,2023-03-24T15:51:27
327,1825,145,2023-06-14,2023-08-13,25.42,2.03,USD,PAID,2023-06-15T08:03:33
328,1192,95,2024-02-05,2024-04-05,61.16,4.89,USD,PAID,2024-02-05T21:08:48
329,543,22,2025-08-29,2025-10-28,66.83,5.35,USD,CANCELLED,2025-08-29T21:16:30
330,869,65,2024-10-27,2024-11-26,51.04,4.08,USD,PAID,2024-10-27T12:18:30
331,1053,111,2023-02-23,2023-04-09,20.22,1.62,USD,CANCELLED,2023-02-23T18:41:47
332,280,175,2025-03-22,2025-06-20,20.03,1.60,USD,PAID,2025-03-22T20:53:53
333,1623,90,2023-02-01,2023-03-03,48.97,3.92,USD,SENT,2023-02-02T00:10:42
334,441,163,2025-03-12,2025-06-10,41.47,3.32,USD,OVERDUE,2025-03-12T17:08:43
335,535,191,2023-07-02,2023-09-30,164.74,13.18,USD,PAID,2023-07-03T02:28:28
336,519,94,2025-08-19,2025-11-17,148.50,11.88,USD,PAID,2025-08-19T23:19:07
337,982,78,2024-10-24,2024-12-08,253.32,20.27,USD,PARTIAL,2024-10-25T07:55:38
338,1899,169,2023-07-06,2023-08-20,20.60,1.65,USD,OVERDUE,2023-07-06T19:00:02
339,1246,133,2023-09-21,2023-11-20,8.93,0.71,USD,DRAFT,2023-09-21T23:57:48
340,1085,192,2024-10-13,2024-12-12,279.63,22.37,USD,PAID,2024-10-13T23:13:25
341,289,58,2025-10-23,2025-12-07,66.00,5.28,USD,CANCELLED,2025-10-24T06:20:29
342,1450,98,2023-01-02,2023-03-03,39.98,3.20,USD,OVERDUE,2023-01-03T01:24:10
343,123,129,2024-01-14,2024-02-28,19.08,1.53,USD,CANCELLED,2024-01-14T19:06:25
344,640,73,2025-02-27,2025-04-13,213.75,17.10,USD,PAID,2025-02-27T23:24:41
345,948,116,2024-07-31,2024-08-30,294.20,23.54,USD,OVERDUE,2024-08-01T10:13:59
346,1124,84,2023-08-21,2023-11-19,99.07,7.93,USD,OVERDUE,2023-08-22T20:27:01
347,544,74,2023-04-03,2023-05-03,222.90,17.83,USD,PAID,2023-04-03T12:07:17
348,356,90,2024-12-24,2025-03-24,77.08,6.17,USD,PAID,2024-12-24T03:36:24
349,1191,44,2024-09-16,2024-12-15,85.63,6.85,USD,OVERDUE,2024-09-16T23:42:59
350,1058,125,2024-02-12,2024-03-28,290.37,23.23,USD,PAID,2024-02-12T16:57:43
351,1850,180,2024-06-26,2024-08-25,89.45,7.16,USD,PARTIAL,2024-06-26T17:42:04
352,656,161,2023-01-20,2023-02-19,32.41,2.59,USD,DRAFT,2023-01-21T23:42:25
353,970,44,2024-04-12,2024-05-27,15.41,1.23,USD,OVERDUE,2024-04-12T21:54:05
354,149,92,2024-09-24,2024-11-23,33.49,2.68,USD,SENT,2024-09-24T22:53:45
355,388,14,2023-01-22,2023-02-21,184.67,14.77,USD,PAID,2023-01-22T20:00:44
356,143,93,2023-06-03,2023-07-03,27.02,2.16,USD,PAID,2023-06-03T07:07:51
357,77,4,2025-05-08,2025-06-22,34.71,2.78,USD,PAID,2025-05-09T00:59:31
358,821,139,2023-10-18,2023-12-02,9.85,0.79,USD,PAID,2023-10-18T22:14:20
359,1948,174,2025-01-03,2025-03-04,8.11,0.65,USD,PARTIAL,2025-01-03T12:04:47
360,1294,114,2023-03-04,2023-05-03,17.89,1.43,USD,OVERDUE,2023-03-04T23:09:54
361,1204,66,2024-09-15,2024-10-15,140.07,11.21,USD,CANCELLED,2024-09-16T03:40:59
362,1350,120,2023-04-20,2023-05-20,145.51,11.64,USD,PARTIAL,2023-04-21T05:30:43
363,1413,34,2023-11-27,2024-02-25,300.29,24.02,USD,PAID,2023-11-28T03:09:56
364,901,197,2024-04-11,2024-05-11,14.65,1.17,USD,OVERDUE,2024-04-11T09:23:42
365,1678,37,2024-07-16,2024-09-14,70.88,5.67,USD,SENT,2024-07-16T17:39:29
366,1019,26,2024-06-09,2024-08-08,66.08,5.29,USD,PAID,2024-06-10T03:10:40
367,802,142,2023-08-29,2023-09-28,185.60,14.85,USD,PARTIAL,2023-08-30T03:36:33
368,260,39,2024-09-05,2024-10-20,34.98,2.80,USD,DRAFT,2024-09-06T04:38:16
369,288,175,2025-07-17,2025-08-31,9.42,0.75,USD,PAID,2025-07-18T08:50:38
370,210,152,2025-02-19,2025-05-20,574.60,45.97,USD,PAID,2025-02-19T22:17:45
371,709,46,2024-03-27,2024-05-26,60.29,4.82,USD,PAID,2024-03-28T15:10:24
372,1877,103,2024-01-21,2024-03-21,43.64,3.49,USD,PAID,2024-01-22T17:31:48
373,1434,9,2024-12-29,2025-02-12,80.58,6.45,USD,OVERDUE,2024-12-29T16:33:30
374,463,29,2023-11-12,2024-01-11,161.42,12.91,USD,DRAFT,2023-11-13T05:24:10
375,1336,123,2023-06-28,2023-09-26,95.89,7.67,USD,SENT,2023-06-29T11:37:12
376,1508,164,2023-06-20,2023-08-04,41.09,3.29,USD,PAID,2023-06-21T01:08:35
377,1834,134,2024-01-31,2024-03-31,32.78,2.62,USD,SENT,2024-01-31T16:50:18
378,956,11,2023-10-01,2023-11-30,21.91,1.75,USD,PAID,2023-10-02T00:44:45
379,727,6,2023-10-17,2023-12-01,95.93,7.67,USD,SENT,2023-10-17T22:58:05
380,905,95,2023-04-16,2023-06-15,24.46,1.96,USD,PAID,2023-04-16T23:20:57
381,919,39,2023-04-28,2023-07-27,130.44,10.44,USD,PAID,2023-04-29T13:12:49
382,549,126,2024-11-28,2025-02-26,56.23,4.50,USD,PAID,2024-11-29T06:58:16
383,485,53,2025-10-20,2025-12-19,147.23,11.78,USD,CANCELLED,2025-10-21T14:14:58
384,829,72,2023-07-16,2023-08-30,-196.00,15.68,USD,CANCELLED,2023-07-16T15:51:25
385,1607,116,2025-11-27,2025-12-27,76.25,6.10,USD,OVERDUE,2025-11-27T18:57:41
386,1496,17,2023-12-23,2024-01-22,33.05,2.64,USD,PAID,2023-12-23T15:25:31
387,353,12,2025-01-28,2025-03-29,23.00,1.84,USD,PAID,2025-01-28T14:36:48
388,1522,112,2025-01-01,2025-04-01,51.80,4.14,USD,SENT,2025-01-02T16:16:06
389,621,65,2025-11-16,2026-02-14,117.79,9.42,USD,PAID,2025-11-16T21:17:21
390,1975,70,2025-07-02,2025-09-30,118.22,9.46,USD,PAID,2025-07-03T05:34:35
391,1085,168,2024-03-14,2024-05-13,20.98,1.68,USD,PAID,2024-03-15T18:21:02
392,1564,20,2023-11-01,2023-12-16,38.09,3.05,USD,OVERDUE,2023-11-02T00:23:11
393,1315,44,2025-04-27,2025-06-11,35.86,2.87,USD,PAID,2025-04-27T22:19:22
394,1749,169,2025-08-10,2025-10-09,26.54,2.12,USD,PAID,2025-08-11T05:10:11
395,204,189,2024-03-17,2024-05-01,33.30,2.66,USD,PAID,2024-03-18T08:37:47
396,340,28,2024-08-11,2024-09-25,312.65,25.01,USD,PAID,2024-08-12T06:58:16
397,530,67,2025-11-10,2025-12-10,40.36,3.23,USD,PAID,2025-11-11T04:44:42
398,1903,114,2023-10-05,2023-12-04,41.35,3.31,USD,PAID,2023-10-05T17:35:00
399,1181,161,2024-03-02,2024-04-16,93.23,7.46,USD,OVERDUE,2024-03-02T12:31:30
400,1650,19,2025-08-08,2025-09-07,30.36,2.43,USD,PAID,2025-08-08T23:43:02
401,929,164,2024-11-02,2025-01-01,128.74,10.30,USD,DRAFT,2024-11-03T16:42:35
402,1641,135,2023-01-20,2023-03-21,54.19,4.34,USD,SENT,2023-01-21T08:59:39
403,241,66,2023-08-08,2023-09-22,22.12,1.77,USD,OVERDUE,2023-08-09T09:51:15
404,1997,46,2024-06-13,2024-08-12,32.65,2.61,USD,PAID,2024-06-13T01:18:18
405,685,17,2025-09-12,2025-12-11,30.82,2.47,USD,OVERDUE,2025-09-12T23:45:56
406,,68,2023-03-14,2023-04-28,45.92,3.67,USD,PAID,2023-03-15T04:39:53
407,134,167,2025-02-24,2025-04-25,38.57,3.09,USD,PAID,2025-02-24T21:21:04
408,751,84,2025-04-30,2025-07-29,23.08,1.85,USD,PAID,2025-05-01T14:36:20
409,1552,119,2024-05-21,2024-08-19,27.67,2.21,USD,PAID,2024-05-22T13:48:21
410,592,30,2023-04-07,2023-05-07,14.34,1.15,USD,PAID,2023-04-07T16:08:31
411,690,183,2023-11-02,2024-01-01,8.77,0.70,USD,PAID,2023-11-03T01:32:09
412,366,142,2023-05-25,2023-07-24,73.75,5.90,USD,OVERDUE,2023-05-26T11:16:18
413,1205,44,2024-11-19,2025-02-17,83.25,6.66,USD,PARTIAL,2024-11-19T13:46:35
414,1082,115,2024-04-08,2024-05-23,109.54,8.76,USD,OVERDUE,2024-04-09T06:34:12
415,114,150,2024-04-17,2024-06-16,6.38,0.51,USD,OVERDUE,2024-04-18T10:46:39
416,861,140,2024-05-12,2024-06-26,253.78,20.30,USD,PAID,2024-05-12T10:15:41
417,1443,45,2025-10-24,2026-01-22,35.91,2.87,USD,PAID,2025-10-24T06:59:27
418,1308,116,2023-07-03,2023-10-01,55.56,4.44,USD,SENT,2023-07-03T14:49:20
419,1738,182,2024-08-01,2024-09-15,121.94,9.76,USD,PAID,2024-08-02T05:57:43
420,1117,53,2024-02-02,2024-03-03,14.63,1.17,USD,OVERDUE,2024-02-02T18:49:51
421,44,84,2023-10-30,2023-12-29,129.31,10.34,USD,PAID,2023-10-30T13:10:08
422,628,116,2023-06-13,2023-07-28,76.05,6.08,USD,DRAFT,2023-06-14T00:17:15
423,1525,70,2024-09-22,2024-11-21,65.67,5.25,USD,PAID,2024-09-22T08:02:28
424,795,53,2024-02-01,2024-03-17,97.89,7.83,USD,PARTIAL,2024-02-01T15:53:16
425,579,91,2024-06-19,2024-09-17,83.76,6.70,USD,PAID,2024-06-20T04:47:17
426,1712,57,2024-12-18,2025-02-01,130.28,10.42,USD,DRAFT,2024-12-19T17:38:45
427,791,96,2023-01-04,2023-02-18,22.35,1.79,USD,CANCELLED,2023-01-04T18:35:51
428,693,178,2025-12-14,2026-03-14,16.96,1.36,USD,OVERDUE,2025-12-14T23:24:59
429,897,117,2024-02-02,2024-04-02,23.48,1.88,USD,PAID,2024-02-03T01:54:51
430,695,116,2023-10-09,2023-11-23,110.86,8.87,USD,OVERDUE,2023-10-10T03:47:35
431,1085,10,2024-02-27,2024-03-28,79.33,6.35,USD,PAID,2024-02-27T18:31:56
432,1509,159,2024-10-04,2025-01-02,29.55,2.36,USD,PARTIAL,2024-10-05T04:08:49
433,393,110,2025-06-07,2025-08-06,132.46,10.60,USD,OVERDUE,2025-06-08T08:15:50
434,426,191,2023-02-15,2023-05-16,50.31,4.02,USD,PAID,2023-02-16T05:57:08
435,813,104,2025-03-20,2025-04-19,50.91,4.07,USD,PAID,2025-03-20T11:46:22
436,305,72,2023-06-13,2023-07-13,39.82,3.19,USD,SENT,2023-06-13T06:28:28
437,479,83,2024-07-18,2024-08-17,78.65,6.29,USD,PARTIAL,2024-07-18T21:29:40
438,1286,189,2023-03-23,2023-05-07,90.31,7.22,USD,PAID,2023-03-24T10:05:13
439,844,52,2023-05-11,2023-08-09,59.73,4.78,USD,PAID,2023-05-11T23:13:39
440,1930,154,2023-11-19,2024-02-17,95.85,7.67,USD,DRAFT,2023-11-19T02:08:20
441,630,34,2025-05-23,2025-06-22,9.81,0.78,USD,PAID,2025-05-24T04:30:57
442,349,101,2025-12-15,2026-01-14,61.94,4.96,USD,SENT,2025-12-16T03:20:09
443,1229,94,2025-07-03,2025-08-02,68.75,5.50,USD,OVERDUE,2025-07-04T19:57:11
444,1666,100,2025-04-19,2025-07-18,170.61,13.65,USD,SENT,2025-04-20T04:52:38
445,1928,166,2023-04-23,2023-07-22,86.11,6.89,USD,PAID,2023-04-23T17:19:57
446,1655,72,2024-07-19,2024-09-02,24.44,1.96,USD,OVERDUE,2024-07-20T08:28:20
447,706,62,2023-12-23,2024-01-22,13.60,1.09,USD,PAID,2023-12-23T18:32:40
448,589,70,2025-05-29,2025-07-28,155.07,12.41,USD,PAID,2025-05-29T16:00:06
449,1849,45,2023-10-06,2023-11-20,222.28,17.78,USD,PAID,2023-10-06T18:41:49
450,1367,197,2024-12-30,2025-02-13,27.43,2.19,USD,PAID,2024-12-31T06:51:06
451,587,10,2024-11-13,2024-12-28,20.44,1.64,USD,PAID,2024-11-14T03:14:53
452,1223,91,2023-12-13,2024-03-12,21.16,1.69,USD,OVERDUE,2023-12-13T22:25:49
453,894,43,2025-10-23,2025-11-22,20.57,1.65,USD,PAID,2025-10-23T10:07:17
454,941,91,2023-06-02,2023-07-17,116.14,9.29,USD,PAID,2023-06-02T09:54:27
455,265,84,2025-07-21,2025-10-19,44.03,3.52,USD,PAID,2025-07-21T12:00:12
456,1883,185,2024-01-15,2024-03-15,47.19,3.78,USD,PAID,2024-01-16T02:47:57
457,642,89,2024-03-27,2024-04-26,160.39,12.83,USD,PARTIAL,2024-03-27T17:46:43
458,331,122,2024-12-14,2025-02-12,16.91,1.35,USD,OVERDUE,2024-12-15T11:41:54
459,1561,194,2025-03-26,2025-06-24,21.92,1.75,USD,PARTIAL,2025-03-27T04:07:48
460,1628,53,2024-05-11,2024-07-10,67.18,5.37,USD,PARTIAL,2024-05-11T13:08:36
461,943,195,2023-06-07,2023-09-05,22.25,1.78,USD,PARTIAL,2023-06-07T15:43:31
462,1997,92,2023-04-10,2023-06-09,33.68,2.69,USD,PAID,2023-04-10T11:07:30
463,9,166,2023-10-07,2023-12-06,26.94,2.16,USD,PAID,2023-10-07T10:41:02
464,316,37,2023-10-29,2023-11-28,155.94,12.48,USD,OVERDUE,2023-10-29T21:34:29
465,1584,87,2023-10-27,2024-01-25,24.58,1.97,USD,OVERDUE,2023-10-27T04:57:23
466,1041,89,2024-02-01,2024-03-02,676.99,54.16,USD,PAID,2024-02-02T02:20:53
467,1823,163,2023-07-08,2023-09-06,29.09,2.33,USD,PAID,2023-07-09T09:51:44
468,1719,181,2025-03-15,2025-04-14,104.13,8.33,USD,PAID,2025-03-15T17:22:25
469,548,140,2025-01-02,2025-03-03,38.64,3.09,USD,PARTIAL,2025-01-03T17:47:01
470,,71,2025-05-18,2025-08-16,89.42,7.15,USD,OVERDUE,2025-05-18T19:49:25
471,1384,48,2025-07-09,2025-10-07,20.56,1.64,USD,PARTIAL,2025-07-10T12:10:43
472,1360,65,2024-06-28,2024-08-27,28.61,2.29,USD,PAID,2024-06-29T08:03:35
473,1776,134,2024-06-06,2024-07-06,79.30,6.34,USD,PAID,2024-06-07T04:43:56
474,155,186,2023-12-29,2024-02-27,31.60,2.53,USD,SENT,2023-12-29T23:30:33
475,1568,66,2023-02-14,2023-03-31,87.59,7.01,USD,PAID,2023-02-14T23:11:07
476,1293,121,2024-06-29,2024-08-13,271.54,21.72,USD,DRAFT,2024-06-29T13:34:42
477,616,38,2025-06-30,2025-09-28,76.51,6.12,USD,PAID,2025-07-01T03:58:14
478,558,79,2023-03-01,2023-05-30,-36.88,2.95,USD,CANCELLED,2023-03-01T20:32:03
479,1820,155,2024-07-11,,32.07,2.57,USD,PAID,2024-07-12T12:26:54
480,751,1,2023-08-29,2023-09-28,29.12,2.33,USD,PARTIAL,2023-08-30T04:11:12
481,465,17,2024-11-19,2024-12-19,295.36,23.63,USD,PAID,2024-11-19T16:24:11
482,439,156,2023-08-12,2023-09-26,111.09,8.89,USD,PAID,2023-08-12T23:18:29
483,861,166,2025-10-30,2025-12-29,45.67,3.65,USD,PARTIAL,2025-10-31T06:34:38
484,751,122,2023-10-16,2023-12-15,106.75,8.54,USD,PAID,2023-10-17T11:18:39
485,832,60,2023-05-02,2023-06-01,16.21,1.30,USD,PAID,2023-05-02T12:30:12
486,115,88,2023-08-19,2023-10-18,19.88,1.59,USD,PAID,2023-08-19T13:52:38
487,330,15,2023-10-19,2023-12-03,78.55,6.28,USD,OVERDUE,2023-10-19T17:23:03
488,529,137,2024-03-07,2024-06-05,78.47,6.28,USD,PAID,2024-03-08T07:40:33
489,1439,62,2024-04-05,2024-05-20,40.97,3.28,USD,PAID,2024-04-06T00:01:51
490,658,26,2024-07-19,2024-09-17,24.16,1.93,USD,CANCELLED,2024-07-19T02:24:34
491,1175,123,2023-08-22,2023-09-21,108.80,8.70,USD,PAID,2023-08-22T23:43:24
492,1992,157,2023-09-04,2023-12-03,136.76,10.94,USD,DRAFT,2023-09-05T06:35:14
493,184,112,2024-05-15,2024-06-14,17.96,1.44,USD,OVERDUE,2024-05-15T09:23:53
494,880,56,2023-05-21,2023-07-20,42.36,3.39,USD,PAID,2023-05-21T22:29:39
495,1266,78,2025-03-10,2025-04-09,59.40,4.75,USD,PAID,2025-03-11T15:41:52
496,389,34,2025-10-06,2026-01-04,8.86,0.71,USD,PARTIAL,2025-10-06T03:18:54
497,325,184,2023-04-20,2023-06-19,17.34,1.39,USD,PARTIAL,2023-04-21T13:23:49
498,175,41,2025-10-23,2025-11-22,18.43,1.47,USD,PAID,2025-10-24T00:12:24
499,1394,194,2024-03-25,2024-05-24,74.90,5.99,USD,OVERDUE,2024-03-26T05:29:41
500,1815,194,2024-05-19,2024-08-17,250.98,20.08,USD,PAID,2024-05-20T07:30:56
