site_id,site_name,site_latitude,site_longitude,site_type,state_code,county_code,huc_code,drainage_area_sq_mi,measurement_date,measurement_datetime,parameter_code,parameter_name,parameter_unit,value,daily_mean,daily_min,daily_max,qualification_code,action_stage_ft,flood_stage_ft,moderate_flood_stage_ft,major_flood_stage_ft,percentile_10,percentile_25,percentile_50,percentile_75,percentile_90,_source,load_time
09380000,"Colorado River at Lees Ferry, AZ",36.8659,-111.588,ST,AZ,005,15010000,111800,2022-01-01,2022-01-01T12:00:00Z,00060,Streamflow,cfs,178.526,176.8718,122.4452,237.3245,A,,,,,53.5578,89.263,142.8208,214.2312,285.6416,BATCH,2022-01-01T23:59:59Z
09380000,"Colorado River at Lees Ferry, AZ",36.8659,-111.588,ST,AZ,005,15010000,111800,2022-01-01,2022-01-01T12:00:00Z,00065,Gauge height,ft,19.2357,19.8033,17.2889,22.9598,A,13.96,34.48,32.22,40.93,5.7707,9.6179,15.3886,23.0828,30.7771,BATCH,2022-01-01T23:59:59Z
09380000,"Colorado River at Lees Ferry, AZ",36.8659,-111.588,ST,AZ,005,15010000,111800,2022-01-08,2022-01-08T12:00:00Z,00060,Streamflow,cfs,512.9929,519.9253,337.2989,683.8936,A,,,,,153.8979,256.4964,410.3943,615.5915,820.7886,BATCH,2022-01-08T23:59:59Z
09380000,"Colorado River at Lees Ferry, AZ",36.8659,-111.588,ST,AZ,005,15010000,111800,2022-01-08,2022-01-08T12:00:00Z,00065,Gauge height,ft,14.3822,14.0112,12.7159,16.6475,A,19.01,28.37,36.43,34.77,4.3147,7.1911,11.5058,17.2586,23.0115,BATCH,2022-01-08T23:59:59Z
09380000,"Colorado River at Lees Ferry, AZ",36.8659,-111.588,ST,AZ,005,15010000,111800,2022-01-15,2022-01-15T12:00:00Z,00060,Streamflow,cfs,478.4242,433.9574,326.9943,610.9446,A,,,,,143.5273,239.2121,382.7394,574.109,765.4787,BATCH,2022-01-15T23:59:59Z
09380000,"Colorado River at Lees Ferry, AZ",36.8659,-111.588,ST,AZ,005,15010000,111800,2022-01-15,2022-01-15T12:00:00Z,00065,Gauge height,ft,16.2326,16.7407,13.2225,19.1673,P,23.91,32.68,28.28,44.88,4.8698,8.1163,12.9861,19.4791,25.9722,BATCH,2022-01-15T23:59:59Z
09380000,"Colorado River at Lees Ferry, AZ",36.8659,-111.588,ST,AZ,005,15010000,111800,2022-01-22,2022-01-22T12:00:00Z,00060,Streamflow,cfs,378.2131,391.4396,254.0002,537.2621,P,,,,,113.4639,189.1065,302.5705,453.8557,605.141,BATCH,2022-01-22T23:59:59Z
09380000,"Colorado River at Lees Ferry, AZ",36.8659,-111.588,ST,AZ,005,15010000,111800,2022-01-22,2022-01-22T12:00:00Z,00065,Gauge height,ft,24.6552,25.6957,21.0442,27.9789,A,14.68,31.69,28.9,44.6,7.3966,12.3276,19.7242,29.5862,39.4483,BATCH,2022-01-22T23:59:59Z
09380000,"Colorado River at Lees Ferry, AZ",36.8659,-111.588,ST,AZ,005,15010000,111800,2022-02-01,2022-02-01T12:00:00Z,00060,Streamflow,cfs,487.4216,499.8418,317.6875,643.3427,P,,,,,146.2265,243.7108,389.9373,584.9059,779.8746,BATCH,2022-02-01T23:59:59Z
09380000,"Colorado River at Lees Ferry, AZ",36.8659,-111.588,ST,AZ,005,15010000,111800,2022-02-01,2022-02-01T12:00:00Z,00065,Gauge height,ft,14.4288,15.123,12.7269,16.8911,A,11.12,27.67,34.34,39.53,4.3286,7.2144,11.543,17.3146,23.0861,BATCH,2022-02-01T23:59:59Z
09380000,"Colorado River at Lees Ferry, AZ",36.8659,-111.588,ST,AZ,005,15010000,111800,2022-02-08,2022-02-08T12:00:00Z,00060,Streamflow,cfs,422.2756,444.1646,317.5291,618.5145,A,,,,,126.6827,211.1378,337.8205,506.7307,675.641,BATCH,2022-02-08T23:59:59Z
09380000,"Colorado River at Lees Ferry, AZ",36.8659,-111.588,ST,AZ,005,15010000,111800,2022-02-08,2022-02-08T12:00:00Z,00065,Gauge height,ft,27.6038,27.9856,26.0239,32.4187,P,13.17,26.47,39.75,47.34,8.2811,13.8019,22.083,33.1246,44.1661,BATCH,2022-02-08T23:59:59Z
09380000,"Colorado River at Lees Ferry, AZ",36.8659,-111.588,ST,AZ,005,15010000,111800,2022-02-15,2022-02-15T12:00:00Z,00060,Streamflow,cfs,145.7874,137.0016,91.0595,204.9256,A,,,,,43.7362,72.8937,116.6299,174.9449,233.2598,BATCH,2022-02-15T23:59:59Z
09380000,"Colorado River at Lees Ferry, AZ",36.8659,-111.588,ST,AZ,005,15010000,111800,2022-02-15,2022-02-15T12:00:00Z,00065,Gauge height,ft,16.7672,16.1101,14.5303,19.247,A,11.01,20.31,25.63,33.62,5.0302,8.3836,13.4138,20.1206,26.8275,BATCH,2022-02-15T23:59:59Z
09380000,"Colorado River at Lees Ferry, AZ",36.8659,-111.588,ST,AZ,005,15010000,111800,2022-02-22,2022-02-22T12:00:00Z,00060,Streamflow,cfs,311.6201,329.263,250.2067,415.9805,A,,,,,93.486,155.81,249.2961,373.9441,498.5922,BATCH,2022-02-22T23:59:59Z
09380000,"Colorado River at Lees Ferry, AZ",36.8659,-111.588,ST,AZ,005,15010000,111800,2022-02-22,2022-02-22T12:00:00Z,00065,Gauge height,ft,21.461,20.7638,17.6535,24.2835,A,23.16,23.52,25.92,32.46,6.4383,10.7305,17.1688,25.7532,34.3376,BATCH,2022-02-22T23:59:59Z
09380000,"Colorado River at Lees Ferry, AZ",36.8659,-111.588,ST,AZ,005,15010000,111800,2022-03-01,2022-03-01T12:00:00Z,00060,Streamflow,cfs,117.7232,118.8499,77.6714,172.3195,P,,,,,35.317,58.8616,94.1786,141.2678,188.3571,BATCH,2022-03-01T23:59:59Z
09380000,"Colorado River at Lees Ferry, AZ",36.8659,-111.588,ST,AZ,005,15010000,111800,2022-03-01,2022-03-01T12:00:00Z,00065,Gauge height,ft,17.398,17.8546,15.5338,20.8506,A,18.44,25.14,25.78,32.29,5.2194,8.699,13.9184,20.8776,27.8368,BATCH,2022-03-01T23:59:59Z
09380000,"Colorado River at Lees Ferry, AZ",36.8659,-111.588,ST,AZ,005,15010000,111800,2022-03-08,2022-03-08T12:00:00Z,00060,Streamflow,cfs,529.4665,536.2776,418.2421,719.6409,A,,,,,158.8399,264.7332,423.5732,635.3598,847.1464,BATCH,2022-03-08T23:59:59Z
09380000,"Colorado River at Lees Ferry, AZ",36.8659,-111.588,ST,AZ,005,15010000,111800,2022-03-08,2022-03-08T12:00:00Z,00065,Gauge height,ft,29.1833,28.0658,25.3658,34.0869,A,16.52,28.46,36.45,31.32,8.755,14.5916,23.3466,35.02,46.6933,BATCH,2022-03-08T23:59:59Z
09380000,"Colorado River at Lees Ferry, AZ",36.8659,-111.588,ST,AZ,005,15010000,111800,2022-03-15,2022-03-15T12:00:00Z,00060,Streamflow,cfs,848.1182,846.4563,533.0695,1048.0976,A,,,,,254.4355,424.0591,678.4946,1017.7418,1356.9891,BATCH,2022-03-15T23:59:59Z
09380000,"Colorado River at Lees Ferry, AZ",36.8659,-111.588,ST,AZ,005,15010000,111800,2022-03-15,2022-03-15T12:00:00Z,00065,Gauge height,ft,6.6737,6.3551,5.4372,7.4673,A,24.66,29.57,35.29,43.78,2.0021,3.3369,5.339,8.0084,10.6779,BATCH,2022-03-15T23:59:59Z
09380000,"Colorado River at Lees Ferry, AZ",36.8659,-111.588,ST,AZ,005,15010000,111800,2022-03-22,2022-03-22T12:00:00Z,00060,Streamflow,cfs,112.5072,119.8,75.5782,159.775,A,,,,,33.7522,56.2536,90.0058,135.0086,180.0115,BATCH,2022-03-22T23:59:59Z
09380000,"Colorado River at Lees Ferry, AZ",36.8659,-111.588,ST,AZ,005,15010000,111800,2022-03-22,2022-03-22T12:00:00Z,00065,Gauge height,ft,12.7437,13.0271,10.4034,14.3765,A,18.06,31.86,33.68,38.24,3.8231,6.3719,10.195,15.2924,20.3899,BATCH,2022-03-22T23:59:59Z
09380000,"Colorado River at Lees Ferry, AZ",36.8659,-111.588,ST,AZ,005,15010000,111800,2022-04-01,2022-04-01T12:00:00Z,00060,Streamflow,cfs,1187.6975,1242.8929,739.7709,1756.2736,A,,,,,356.3092,593.8487,950.158,1425.237,1900.316,BATCH,2022-04-01T23:59:59Z
09380000,"Colorado River at Lees Ferry, AZ",36.8659,-111.588,ST,AZ,005,15010000,111800,2022-04-01,2022-04-01T12:00:00Z,00065,Gauge height,ft,13.3422,13.1191,12.3474,15.7126,A,22.82,31.16,30.41,37.0,4.0027,6.6711,10.6738,16.0106,21.3475,BATCH,2022-04-01T23:59:59Z
09380000,"Colorado River at Lees Ferry, AZ",36.8659,-111.588,ST,AZ,005,15010000,111800,2022-04-08,2022-04-08T12:00:00Z,00060,Streamflow,cfs,1479.863,1519.5049,987.0367,1810.9288,P,,,,,443.9589,739.9315,1183.8904,1775.8356,2367.7808,BATCH,2022-04-08T23:59:59Z
09380000,"Colorado River at Lees Ferry, AZ",36.8659,-111.588,ST,AZ,005,15010000,111800,2022-04-08,2022-04-08T12:00:00Z,00065,Gauge height,ft,15.02,15.2623,13.8584,16.4458,A,14.76,30.12,27.33,39.59,4.506,7.51,12.016,18.024,24.032,BATCH,2022-04-08T23:59:59Z
09380000,"Colorado River at Lees Ferry, AZ",36.8659,-111.588,ST,AZ,005,15010000,111800,2022-04-15,2022-04-15T12:00:00Z,00060,Streamflow,cfs,204.1701,204.9959,153.8452,296.2428,A,,,,,61.251,102.085,163.3361,245.0041,326.6722,BATCH,2022-04-15T23:59:59Z
09380000,"Colorado River at Lees Ferry, AZ",36.8659,-111.588,ST,AZ,005,15010000,111800,2022-04-15,2022-04-15T12:00:00Z,00065,Gauge height,ft,4.8702,4.687,4.0202,5.3596,A,24.33,27.55,32.7,36.26,1.4611,2.4351,3.8962,5.8442,7.7923,BATCH,2022-04-15T23:59:59Z
09380000,"Colorado River at Lees Ferry, AZ",36.8659,-111.588,ST,AZ,005,15010000,111800,2022-04-22,2022-04-22T12:00:00Z,00060,Streamflow,cfs,172.5974,185.4869,140.4871,253.7042,A,,,,,51.7792,86.2987,138.0779,207.1169,276.1558,BATCH,2022-04-22T23:59:59Z
09380000,"Colorado River at Lees Ferry, AZ",36.8659,-111.588,ST,AZ,005,15010000,111800,2022-04-22,2022-04-22T12:00:00Z,00065,Gauge height,ft,19.2755,18.6577,17.4498,22.5942,P,19.19,22.72,26.17,38.22,5.7827,9.6378,15.4204,23.1306,30.8408,BATCH,2022-04-22T23:59:59Z
09380000,"Colorado River at Lees Ferry, AZ",36.8659,-111.588,ST,AZ,005,15010000,111800,2022-05-01,2022-05-01T12:00:00Z,00060,Streamflow,cfs,407.9423,415.9329,245.2207,488.9929,A,,,,,122.3827,203.9711,326.3538,489.5308,652.7077,BATCH,2022-05-01T23:59:59Z
09380000,"Colorado River at Lees Ferry, AZ",36.8659,-111.588,ST,AZ,005,15010000,111800,2022-05-01,2022-05-01T12:00:00Z,00065,Gauge height,ft,17.6854,16.8025,15.4729,19.777,A,20.96,27.67,26.53,45.79,5.3056,8.8427,14.1483,21.2225,28.2966,BATCH,2022-05-01T23:59:59Z
09380000,"Colorado River at Lees Ferry, AZ",36.8659,-111.588,ST,AZ,005,15010000,111800,2022-05-08,2022-05-08T12:00:00Z,00060,Streamflow,cfs,974.2473,897.1381,734.896,1428.4924,A,,,,,292.2742,487.1236,779.3978,1169.0968,1558.7957,BATCH,2022-05-08T23:59:59Z
09380000,"Colorado River at Lees Ferry, AZ",36.8659,-111.588,ST,AZ,005,15010000,111800,2022-05-08,2022-05-08T12:00:00Z,00065,Gauge height,ft,15.3224,15.47,12.4733,17.294,A,16.49,33.7,29.75,46.96,4.5967,7.6612,12.2579,18.3869,24.5158,BATCH,2022-05-08T23:59:59Z
09380000,"Colorado River at Lees Ferry, AZ",36.8659,-111.588,ST,AZ,005,15010000,111800,2022-05-15,2022-05-15T12:00:00Z,00060,Streamflow,cfs,414.6354,413.6088,316.153,492.0458,A,,,,,124.3906,207.3177,331.7083,497.5625,663.4166,BATCH,2022-05-15T23:59:59Z
09380000,"Colorado River at Lees Ferry, AZ",36.8659,-111.588,ST,AZ,005,15010000,111800,2022-05-15,2022-05-15T12:00:00Z,00065,Gauge height,ft,24.1481,23.1646,22.8319,26.7846,A,19.02,27.74,28.16,35.15,7.2444,12.074,19.3185,28.9777,38.637,BATCH,2022-05-15T23:59:59Z
09380000,"Colorado River at Lees Ferry, AZ",36.8659,-111.588,ST,AZ,005,15010000,111800,2022-05-22,2022-05-22T12:00:00Z,00060,Streamflow,cfs,1874.4398,1874.4645,1177.9628,2524.4101,A,,,,,562.3319,937.2199,1499.5518,2249.3278,2999.1037,BATCH,2022-05-22T23:59:59Z
09380000,"Colorado River at Lees Ferry, AZ",36.8659,-111.588,ST,AZ,005,15010000,111800,2022-05-22,2022-05-22T12:00:00Z,00065,Gauge height,ft,22.1498,22.1238,18.5216,25.2861,A,18.84,25.99,28.53,49.2,6.6449,11.0749,17.7198,26.5798,35.4397,BATCH,2022-05-22T23:59:59Z
09380000,"Colorado River at Lees Ferry, AZ",36.8659,-111.588,ST,AZ,005,15010000,111800,2022-06-01,2022-06-01T12:00:00Z,00060,Streamflow,cfs,744.1604,720.0273,475.7185,883.364,P,,,,,223.2481,372.0802,595.3283,892.9925,1190.6566,BATCH,2022-06-01T23:59:59Z
09380000,"Colorado River at Lees Ferry, AZ",36.8659,-111.588,ST,AZ,005,15010000,111800,2022-06-01,2022-06-01T12:00:00Z,00065,Gauge height,ft,4.2392,4.2455,3.8484,4.5003,P,18.84,32.93,26.83,38.29,1.2718,2.1196,3.3914,5.087,6.7827,BATCH,2022-06-01T23:59:59Z
09380000,"Colorado River at Lees Ferry, AZ",36.8659,-111.588,ST,AZ,005,15010000,111800,2022-06-08,2022-06-08T12:00:00Z,00060,Streamflow,cfs,718.4428,778.4788,569.1203,987.4985,A,,,,,215.5328,359.2214,574.7542,862.1314,1149.5085,BATCH,2022-06-08T23:59:59Z
09380000,"Colorado River at Lees Ferry, AZ",36.8659,-111.588,ST,AZ,005,15010000,111800,2022-06-08,2022-06-08T12:00:00Z,00065,Gauge height,ft,3.002,3.0954,2.4626,3.3008,A,22.51,31.53,34.95,48.9,0.9006,1.501,2.4016,3.6024,4.8032,BATCH,2022-06-08T23:59:59Z
09380000,"Colorado River at Lees Ferry, AZ",36.8659,-111.588,ST,AZ,005,15010000,111800,2022-06-15,2022-06-15T12:00:00Z,00060,Streamflow,cfs,725.9365,762.6548,558.9816,924.3012,A,,,,,217.7809,362.9683,580.7492,871.1238,1161.4984,BATCH,2022-06-15T23:59:59Z
09380000,"Colorado River at Lees Ferry, AZ",36.8659,-111.588,ST,AZ,005,15010000,111800,2022-06-15,2022-06-15T12:00:00Z,00065,Gauge height,ft,19.8598,19.7328,17.1185,22.3145,P,24.53,20.74,39.08,48.02,5.9579,9.9299,15.8878,23.8318,31.7757,BATCH,2022-06-15T23:59:59Z
09380000,"Colorado River at Lees Ferry, AZ",36.8659,-111.588,ST,AZ,005,15010000,111800,2022-06-22,2022-06-22T12:00:00Z,00060,Streamflow,cfs,755.4566,694.46,516.4802,1064.1151,A,,,,,226.637,377.7283,604.3653,906.5479,1208.7306,BATCH,2022-06-22T23:59:59Z
09380000,"Colorado River at Lees Ferry, AZ",36.8659,-111.588,ST,AZ,005,15010000,111800,2022-06-22,2022-06-22T12:00:00Z,00065,Gauge height,ft,11.3437,11.6701,9.394,13.2946,A,17.03,33.72,32.77,43.86,3.4031,5.6719,9.075,13.6124,18.1499,BATCH,2022-06-22T23:59:59Z
09380000,"Colorado River at Lees Ferry, AZ",36.8659,-111.588,ST,AZ,005,15010000,111800,2022-07-01,2022-07-01T12:00:00Z,00060,Streamflow,cfs,261.7736,245.9943,158.7906,346.2614,P,,,,,78.5321,130.8868,209.4189,314.1283,418.8378,BATCH,2022-07-01T23:59:59Z
09380000,"Colorado River at Lees Ferry, AZ",36.8659,-111.588,ST,AZ,005,15010000,111800,2022-07-01,2022-07-01T12:00:00Z,00065,Gauge height,ft,20.911,21.4842,16.9565,24.2983,A,10.66,29.26,35.04,35.12,6.2733,10.4555,16.7288,25.0932,33.4576,BATCH,2022-07-01T23:59:59Z
09380000,"Colorado River at Lees Ferry, AZ",36.8659,-111.588,ST,AZ,005,15010000,111800,2022-07-08,2022-07-08T12:00:00Z,00060,Streamflow,cfs,949.2116,924.4135,657.4915,1158.8346,A,,,,,284.7635,474.6058,759.3693,1139.0539,1518.7386,BATCH,2022-07-08T23:59:59Z
09380000,"Colorado River at Lees Ferry, AZ",36.8659,-111.588,ST,AZ,005,15010000,111800,2022-07-08,2022-07-08T12:00:00Z,00065,Gauge height,ft,19.2535,19.8243,17.7533,21.0872,A,16.33,26.34,31.27,45.14,5.776,9.6267,15.4028,23.1042,30.8056,BATCH,2022-07-08T23:59:59Z
09380000,"Colorado River at Lees Ferry, AZ",36.8659,-111.588,ST,AZ,005,15010000,111800,2022-07-15,2022-07-15T12:00:00Z,00060,Streamflow,cfs,707.523,716.7134,546.4637,935.1882,A,,,,,212.2569,353.7615,566.0184,849.0276,1132.0368,BATCH,2022-07-15T23:59:59Z
09380000,"Colorado River at Lees Ferry, AZ",36.8659,-111.588,ST,AZ,005,15010000,111800,2022-07-15,2022-07-15T12:00:00Z,00065,Gauge height,ft,13.3548,13.8525,11.4713,15.5563,A,17.8,25.18,39.52,47.35,4.0064,6.6774,10.6838,16.0258,21.3677,BATCH,2022-07-15T23:59:59Z
09380000,"Colorado River at Lees Ferry, AZ",36.8659,-111.588,ST,AZ,005,15010000,111800,2022-07-22,2022-07-22T12:00:00Z,00060,Streamflow,cfs,1082.4527,1069.7254,875.8079,1621.0348,A,,,,,324.7358,541.2264,865.9622,1298.9432,1731.9243,BATCH,2022-07-22T23:59:59Z
09380000,"Colorado River at Lees Ferry, AZ",36.8659,-111.588,ST,AZ,005,15010000,111800,2022-07-22,2022-07-22T12:00:00Z,00065,Gauge height,ft,29.2795,28.5967,27.7888,31.6426,A,17.09,22.96,25.09,42.09,8.7838,14.6397,23.4236,35.1354,46.8472,BATCH,2022-07-22T23:59:59Z
09380000,"Colorado River at Lees Ferry, AZ",36.8659,-111.588,ST,AZ,005,15010000,111800,2022-08-01,2022-08-01T12:00:00Z,00060,Streamflow,cfs,554.6237,522.7882,384.4471,815.7183,P,,,,,166.3871,277.3118,443.699,665.5484,887.3979,BATCH,2022-08-01T23:59:59Z
09380000,"Colorado River at Lees Ferry, AZ",36.8659,-111.588,ST,AZ,005,15010000,111800,2022-08-01,2022-08-01T12:00:00Z,00065,Gauge height,ft,11.3079,11.773,10.1879,12.8681,A,24.71,32.07,30.17,30.15,3.3924,5.654,9.0463,13.5695,18.0926,BATCH,2022-08-01T23:59:59Z
09380000,"Colorado River at Lees Ferry, AZ",36.8659,-111.588,ST,AZ,005,15010000,111800,2022-08-08,2022-08-08T12:00:00Z,00060,Streamflow,cfs,108.9731,111.3481,87.8034,157.5282,A,,,,,32.6919,54.4866,87.1785,130.7677,174.357,BATCH,2022-08-08T23:59:59Z
09380000,"Colorado River at Lees Ferry, AZ",36.8659,-111.588,ST,AZ,005,15010000,111800,2022-08-08,2022-08-08T12:00:00Z,00065,Gauge height,ft,2.9776,2.9939,2.4041,3.5254,A,12.86,34.5,39.12,48.61,0.8933,1.4888,2.3821,3.5731,4.7642,BATCH,2022-08-08T23:59:59Z
09380000,"Colorado River at Lees Ferry, AZ",36.8659,-111.588,ST,AZ,005,15010000,111800,2022-08-15,2022-08-15T12:00:00Z,00060,Streamflow,cfs,707.4258,642.0328,435.9983,962.4549,A,,,,,212.2277,353.7129,565.9406,848.911,1131.8813,BATCH,2022-08-15T23:59:59Z
09380000,"Colorado River at Lees Ferry, AZ",36.8659,-111.588,ST,AZ,005,15010000,111800,2022-08-15,2022-08-15T12:00:00Z,00065,Gauge height,ft,3.4569,3.601,3.0058,4.0075,A,20.79,23.8,38.37,38.41,1.0371,1.7285,2.7655,4.1483,5.531,BATCH,2022-08-15T23:59:59Z
09380000,"Colorado River at Lees Ferry, AZ",36.8659,-111.588,ST,AZ,005,15010000,111800,2022-08-22,2022-08-22T12:00:00Z,00060,Streamflow,cfs,831.5131,811.1362,560.3758,965.1102,P,,,,,249.4539,415.7566,665.2105,997.8157,1330.421,BATCH,2022-08-22T23:59:59Z
09380000,"Colorado River at Lees Ferry, AZ",36.8659,-111.588,ST,AZ,005,15010000,111800,2022-08-22,2022-08-22T12:00:00Z,00065,Gauge height,ft,5.5275,5.3743,4.4283,6.1584,A,18.67,21.91,36.6,44.8,1.6583,2.7637,4.422,6.633,8.844,BATCH,2022-08-22T23:59:59Z
09380000,"Colorado River at Lees Ferry, AZ",36.8659,-111.588,ST,AZ,005,15010000,111800,2022-09-01,2022-09-01T12:00:00Z,00060,Streamflow,cfs,396.9818,408.2075,336.9691,493.0213,P,,,,,119.0945,198.4909,317.5854,476.3782,635.1709,BATCH,2022-09-01T23:59:59Z
09380000,"Colorado River at Lees Ferry, AZ",36.8659,-111.588,ST,AZ,005,15010000,111800,2022-09-01,2022-09-01T12:00:00Z,00065,Gauge height,ft,4.1023,4.1392,3.7822,4.6691,A,23.62,22.05,32.78,32.55,1.2307,2.0511,3.2818,4.9228,6.5637,BATCH,2022-09-01T23:59:59Z
09380000,"Colorado River at Lees Ferry, AZ",36.8659,-111.588,ST,AZ,005,15010000,111800,2022-09-08,2022-09-08T12:00:00Z,00060,Streamflow,cfs,615.3918,624.0009,504.6873,825.5962,A,,,,,184.6175,307.6959,492.3134,738.4702,984.6269,BATCH,2022-09-08T23:59:59Z
09380000,"Colorado River at Lees Ferry, AZ",36.8659,-111.588,ST,AZ,005,15010000,111800,2022-09-08,2022-09-08T12:00:00Z,00065,Gauge height,ft,19.1491,19.3041,15.3867,22.3524,P,23.95,32.73,27.27,48.16,5.7447,9.5746,15.3193,22.9789,30.6386,BATCH,2022-09-08T23:59:59Z
09380000,"Colorado River at Lees Ferry, AZ",36.8659,-111.588,ST,AZ,005,15010000,111800,2022-09-15,2022-09-15T12:00:00Z,00060,Streamflow,cfs,453.5082,467.1496,324.3291,657.0772,A,,,,,136.0525,226.7541,362.8066,544.2098,725.6131,BATCH,2022-09-15T23:59:59Z
09380000,"Colorado River at Lees Ferry, AZ",36.8659,-111.588,ST,AZ,005,15010000,111800,2022-09-15,2022-09-15T12:00:00Z,00065,Gauge height,ft,13.4722,14.046,11.6865,14.5166,A,22.13,34.01,32.31,44.64,4.0417,6.7361,10.7778,16.1666,21.5555,BATCH,2022-09-15T23:59:59Z
09380000,"Colorado River at Lees Ferry, AZ",36.8659,-111.588,ST,AZ,005,15010000,111800,2022-09-22,2022-09-22T12:00:00Z,00060,Streamflow,cfs,236.3529,250.5207,159.9695,340.6475,A,,,,,70.9059,118.1765,189.0823,283.6235,378.1646,BATCH,2022-09-22T23:59:59Z
09380000,"Colorado River at Lees Ferry, AZ",36.8659,-111.588,ST,AZ,005,15010000,111800,2022-09-22,2022-09-22T12:00:00Z,00065,Gauge height,ft,2.9956,3.0744,2.5172,3.3554,A,22.54,31.57,26.61,30.68,0.8987,1.4978,2.3965,3.5947,4.793,BATCH,2022-09-22T23:59:59Z
09380000,"Colorado River at Lees Ferry, AZ",36.8659,-111.588,ST,AZ,005,15010000,111800,2022-10-01,2022-10-01T12:00:00Z,00060,Streamflow,cfs,503.4337,487.344,387.358,711.3448,A,,,,,151.0301,251.7168,402.747,604.1204,805.4939,BATCH,2022-10-01T23:59:59Z
09380000,"Colorado River at Lees Ferry, AZ",36.8659,-111.588,ST,AZ,005,15010000,111800,2022-10-01,2022-10-01T12:00:00Z,00065,Gauge height,ft,9.2907,8.9748,8.63,10.8658,A,17.21,24.85,28.98,35.12,2.7872,4.6453,7.4326,11.1488,14.8651,BATCH,2022-10-01T23:59:59Z
09380000,"Colorado River at Lees Ferry, AZ",36.8659,-111.588,ST,AZ,005,15010000,111800,2022-10-08,2022-10-08T12:00:00Z,00060,Streamflow,cfs,160.4649,173.3787,134.7494,237.0313,P,,,,,48.1395,80.2325,128.3719,192.5579,256.7438,BATCH,2022-10-08T23:59:59Z
09380000,"Colorado River at Lees Ferry, AZ",36.8659,-111.588,ST,AZ,005,15010000,111800,2022-10-08,2022-10-08T12:00:00Z,00065,Gauge height,ft,27.8111,28.268,23.2738,32.1029,A,23.86,34.21,30.41,47.93,8.3433,13.9055,22.2489,33.3733,44.4978,BATCH,2022-10-08T23:59:59Z
09380000,"Colorado River at Lees Ferry, AZ",36.8659,-111.588,ST,AZ,005,15010000,111800,2022-10-15,2022-10-15T12:00:00Z,00060,Streamflow,cfs,431.5596,408.0398,350.0999,614.6341,A,,,,,129.4679,215.7798,345.2477,517.8715,690.4954,BATCH,2022-10-15T23:59:59Z
09380000,"Colorado River at Lees Ferry, AZ",36.8659,-111.588,ST,AZ,005,15010000,111800,2022-10-15,2022-10-15T12:00:00Z,00065,Gauge height,ft,19.8882,20.165,16.5249,22.7825,A,15.48,25.71,36.31,39.8,5.9665,9.9441,15.9106,23.8658,31.8211,BATCH,2022-10-15T23:59:59Z
09380000,"Colorado River at Lees Ferry, AZ",36.8659,-111.588,ST,AZ,005,15010000,111800,2022-10-22,2022-10-22T12:00:00Z,00060,Streamflow,cfs,521.5292,487.138,426.7729,673.2531,A,,,,,156.4588,260.7646,417.2234,625.835,834.4467,BATCH,2022-10-22T23:59:59Z
09380000,"Colorado River at Lees Ferry, AZ",36.8659,-111.588,ST,AZ,005,15010000,111800,2022-10-22,2022-10-22T12:00:00Z,00065,Gauge height,ft,15.1295,15.203,13.328,16.4734,P,22.75,32.32,39.78,41.59,4.5389,7.5648,12.1036,18.1554,24.2072,BATCH,2022-10-22T23:59:59Z
09380000,"Colorado River at Lees Ferry, AZ",36.8659,-111.588,ST,AZ,005,15010000,111800,2022-11-01,2022-11-01T12:00:00Z,00060,Streamflow,cfs,321.4721,314.3672,201.8033,431.9028,A,,,,,96.4416,160.7361,257.1777,385.7665,514.3554,BATCH,2022-11-01T23:59:59Z
09380000,"Colorado River at Lees Ferry, AZ",36.8659,-111.588,ST,AZ,005,15010000,111800,2022-11-01,2022-11-01T12:00:00Z,00065,Gauge height,ft,12.5236,12.7107,10.4415,13.6212,A,18.55,31.4,34.27,35.92,3.7571,6.2618,10.0189,15.0283,20.0378,BATCH,2022-11-01T23:59:59Z
09380000,"Colorado River at Lees Ferry, AZ",36.8659,-111.588,ST,AZ,005,15010000,111800,2022-11-08,2022-11-08T12:00:00Z,00060,Streamflow,cfs,380.8665,400.2304,242.446,462.4008,A,,,,,114.2599,190.4332,304.6932,457.0398,609.3864,BATCH,2022-11-08T23:59:59Z
09380000,"Colorado River at Lees Ferry, AZ",36.8659,-111.588,ST,AZ,005,15010000,111800,2022-11-08,2022-11-08T12:00:00Z,00065,Gauge height,ft,11.6053,11.1349,9.6463,13.5178,A,19.2,29.76,27.98,39.85,3.4816,5.8026,9.2842,13.9264,18.5685,BATCH,2022-11-08T23:59:59Z
09380000,"Colorado River at Lees Ferry, AZ",36.8659,-111.588,ST,AZ,005,15010000,111800,2022-11-15,2022-11-15T12:00:00Z,00060,Streamflow,cfs,72.3408,74.5747,60.4857,86.9873,A,,,,,21.7022,36.1704,57.8726,86.809,115.7453,BATCH,2022-11-15T23:59:59Z
09380000,"Colorado River at Lees Ferry, AZ",36.8659,-111.588,ST,AZ,005,15010000,111800,2022-11-15,2022-11-15T12:00:00Z,00065,Gauge height,ft,10.4279,10.1363,8.99,11.2462,P,19.63,33.14,28.35,31.79,3.1284,5.2139,8.3423,12.5135,16.6846,BATCH,2022-11-15T23:59:59Z
09380000,"Colorado River at Lees Ferry, AZ",36.8659,-111.588,ST,AZ,005,15010000,111800,2022-11-22,2022-11-22T12:00:00Z,00060,Streamflow,cfs,344.0899,335.4124,216.6687,479.057,A,,,,,103.227,172.045,275.2719,412.9079,550.5438,BATCH,2022-11-22T23:59:59Z
09380000,"Colorado River at Lees Ferry, AZ",36.8659,-111.588,ST,AZ,005,15010000,111800,2022-11-22,2022-11-22T12:00:00Z,00065,Gauge height,ft,7.932,7.6286,6.4487,9.119,A,21.92,34.67,29.78,45.83,2.3796,3.966,6.3456,9.5184,12.6912,BATCH,2022-11-22T23:59:59Z
09380000,"Colorado River at Lees Ferry, AZ",36.8659,-111.588,ST,AZ,005,15010000,111800,2022-12-01,2022-12-01T12:00:00Z,00060,Streamflow,cfs,350.5871,334.0974,262.2308,412.4911,A,,,,,105.1761,175.2936,280.4697,420.7045,560.9394,BATCH,2022-12-01T23:59:59Z
09380000,"Colorado River at Lees Ferry, AZ",36.8659,-111.588,ST,AZ,005,15010000,111800,2022-12-01,2022-12-01T12:00:00Z,00065,Gauge height,ft,16.1138,16.1346,14.0641,17.6894,P,19.15,32.78,34.64,36.57,4.8341,8.0569,12.891,19.3366,25.7821,BATCH,2022-12-01T23:59:59Z
09380000,"Colorado River at Lees Ferry, AZ",36.8659,-111.588,ST,AZ,005,15010000,111800,2022-12-08,2022-12-08T12:00:00Z,00060,Streamflow,cfs,320.7966,341.6616,207.668,453.5357,A,,,,,96.239,160.3983,256.6373,384.9559,513.2746,BATCH,2022-12-08T23:59:59Z
09380000,"Colorado River at Lees Ferry, AZ",36.8659,-111.588,ST,AZ,005,15010000,111800,2022-12-08,2022-12-08T12:00:00Z,00065,Gauge height,ft,21.457,22.2107,19.9345,25.145,A,21.04,24.42,27.98,36.87,6.4371,10.7285,17.1656,25.7484,34.3312,BATCH,2022-12-08T23:59:59Z
09380000,"Colorado River at Lees Ferry, AZ",36.8659,-111.588,ST,AZ,005,15010000,111800,2022-12-15,2022-12-15T12:00:00Z,00060,Streamflow,cfs,370.4699,374.857,268.9947,522.9418,A,,,,,111.141,185.2349,296.3759,444.5639,592.7518,BATCH,2022-12-15T23:59:59Z
09380000,"Colorado River at Lees Ferry, AZ",36.8659,-111.588,ST,AZ,005,15010000,111800,2022-12-15,2022-12-15T12:00:00Z,00065,Gauge height,ft,12.4356,12.0093,11.3048,13.1983,A,24.65,33.95,31.75,42.43,3.7307,6.2178,9.9485,14.9227,19.897,BATCH,2022-12-15T23:59:59Z
09380000,"Colorado River at Lees Ferry, AZ",36.8659,-111.588,ST,AZ,005,15010000,111800,2022-12-22,2022-12-22T12:00:00Z,00060,Streamflow,cfs,354.8136,376.8123,289.0406,441.625,A,,,,,106.4441,177.4068,283.8509,425.7763,567.7018,BATCH,2022-12-22T23:59:59Z
09380000,"Colorado River at Lees Ferry, AZ",36.8659,-111.588,ST,AZ,005,15010000,111800,2022-12-22,2022-12-22T12:00:00Z,00065,Gauge height,ft,21.4684,22.1556,20.0931,25.2794,A,11.13,29.18,29.85,35.84,6.4405,10.7342,17.1747,25.7621,34.3494,BATCH,2022-12-22T23:59:59Z
09380000,"Colorado River at Lees Ferry, AZ",36.8659,-111.588,ST,AZ,005,15010000,111800,2023-01-01,2023-01-01T12:00:00Z,00060,Streamflow,cfs,130.4296,141.4791,79.4404,181.5095,A,,,,,39.1289,65.2148,104.3437,156.5155,208.6874,BATCH,2023-01-01T23:59:59Z
09380000,"Colorado River at Lees Ferry, AZ",36.8659,-111.588,ST,AZ,005,15010000,111800,2023-01-01,2023-01-01T12:00:00Z,00065,Gauge height,ft,2.6903,2.5583,2.267,3.0479,P,16.81,20.79,38.68,44.42,0.8071,1.3452,2.1522,3.2284,4.3045,BATCH,2023-01-01T23:59:59Z
09380000,"Colorado River at Lees Ferry, AZ",36.8659,-111.588,ST,AZ,005,15010000,111800,2023-01-08,2023-01-08T12:00:00Z,00060,Streamflow,cfs,320.2352,300.2008,195.8164,443.6685,A,,,,,96.0706,160.1176,256.1882,384.2822,512.3763,BATCH,2023-01-08T23:59:59Z
09380000,"Colorado River at Lees Ferry, AZ",36.8659,-111.588,ST,AZ,005,15010000,111800,2023-01-08,2023-01-08T12:00:00Z,00065,Gauge height,ft,17.6209,18.4998,15.2818,19.7852,P,24.65,34.94,36.36,34.77,5.2863,8.8104,14.0967,21.1451,28.1934,BATCH,2023-01-08T23:59:59Z
09380000,"Colorado River at Lees Ferry, AZ",36.8659,-111.588,ST,AZ,005,15010000,111800,2023-01-15,2023-01-15T12:00:00Z,00060,Streamflow,cfs,257.0804,280.9365,209.0129,341.4093,A,,,,,77.1241,128.5402,205.6643,308.4965,411.3286,BATCH,2023-01-15T23:59:59Z
09380000,"Colorado River at Lees Ferry, AZ",36.8659,-111.588,ST,AZ,005,15010000,111800,2023-01-15,2023-01-15T12:00:00Z,00065,Gauge height,ft,14.8738,14.6314,12.159,16.1102,A,21.77,23.39,36.72,34.89,4.4621,7.4369,11.899,17.8486,23.7981,BATCH,2023-01-15T23:59:59Z
09380000,"Colorado River at Lees Ferry, AZ",36.8659,-111.588,ST,AZ,005,15010000,111800,2023-01-22,2023-01-22T12:00:00Z,00060,Streamflow,cfs,428.4776,465.7692,335.9124,623.2253,A,,,,,128.5433,214.2388,342.7821,514.1731,685.5642,BATCH,2023-01-22T23:59:59Z
09380000,"Colorado River at Lees Ferry, AZ",36.8659,-111.588,ST,AZ,005,15010000,111800,2023-01-22,2023-01-22T12:00:00Z,00065,Gauge height,ft,11.0753,11.128,9.9339,13.2296,P,24.77,34.36,26.41,35.2,3.3226,5.5377,8.8602,13.2904,17.7205,BATCH,2023-01-22T23:59:59Z
09380000,"Colorado River at Lees Ferry, AZ",36.8659,-111.588,ST,AZ,005,15010000,111800,2023-02-01,2023-02-01T12:00:00Z,00060,Streamflow,cfs,123.6592,114.7439,79.285,179.9391,A,,,,,37.0978,61.8296,98.9274,148.391,197.8547,BATCH,2023-02-01T23:59:59Z
09380000,"Colorado River at Lees Ferry, AZ",36.8659,-111.588,ST,AZ,005,15010000,111800,2023-02-01,2023-02-01T12:00:00Z,00065,Gauge height,ft,25.8818,25.9055,23.0498,30.7342,A,14.29,32.04,27.78,38.99,7.7645,12.9409,20.7054,31.0582,41.4109,BATCH,2023-02-01T23:59:59Z
09380000,"Colorado River at Lees Ferry, AZ",36.8659,-111.588,ST,AZ,005,15010000,111800,2023-02-08,2023-02-08T12:00:00Z,00060,Streamflow,cfs,86.2354,90.6169,62.4115,127.4097,P,,,,,25.8706,43.1177,68.9883,103.4825,137.9766,BATCH,2023-02-08T23:59:59Z
09380000,"Colorado River at Lees Ferry, AZ",36.8659,-111.588,ST,AZ,005,15010000,111800,2023-02-08,2023-02-08T12:00:00Z,00065,Gauge height,ft,23.603,24.4631,19.7438,26.6894,P,19.13,23.85,36.09,49.32,7.0809,11.8015,18.8824,28.3236,37.7648,BATCH,2023-02-08T23:59:59Z
09380000,"Colorado River at Lees Ferry, AZ",36.8659,-111.588,ST,AZ,005,15010000,111800,2023-02-15,2023-02-15T12:00:00Z,00060,Streamflow,cfs,410.3057,384.7434,339.9333,533.7136,A,,,,,123.0917,205.1529,328.2446,492.3668,656.4891,BATCH,2023-02-15T23:59:59Z
09380000,"Colorado River at Lees Ferry, AZ",36.8659,-111.588,ST,AZ,005,15010000,111800,2023-02-15,2023-02-15T12:00:00Z,00065,Gauge height,ft,26.634,26.5991,23.0991,29.442,P,16.02,22.69,36.8,33.53,7.9902,13.317,21.3072,31.9608,42.6144,BATCH,2023-02-15T23:59:59Z
09380000,"Colorado River at Lees Ferry, AZ",36.8659,-111.588,ST,AZ,005,15010000,111800,2023-02-22,2023-02-22T12:00:00Z,00060,Streamflow,cfs,297.8696,304.4214,227.5301,418.9477,A,,,,,89.3609,148.9348,238.2957,357.4435,476.5914,BATCH,2023-02-22T23:59:59Z
09380000,"Colorado River at Lees Ferry, AZ",36.8659,-111.588,ST,AZ,005,15010000,111800,2023-02-22,2023-02-22T12:00:00Z,00065,Gauge height,ft,10.4775,10.984,9.2631,12.4618,A,13.54,32.5,27.69,41.08,3.1432,5.2387,8.382,12.573,16.764,BATCH,2023-02-22T23:59:59Z
09380000,"Colorado River at Lees Ferry, AZ",36.8659,-111.588,ST,AZ,005,15010000,111800,2023-03-01,2023-03-01T12:00:00Z,00060,Streamflow,cfs,634.8537,649.0635,389.1307,798.2242,A,,,,,190.4561,317.4269,507.883,761.8244,1015.7659,BATCH,2023-03-01T23:59:59Z
09380000,"Colorado River at Lees Ferry, AZ",36.8659,-111.588,ST,AZ,005,15010000,111800,2023-03-01,2023-03-01T12:00:00Z,00065,Gauge height,ft,20.4602,19.5775,18.2075,23.2244,A,12.2,25.77,33.14,40.6,6.1381,10.2301,16.3682,24.5522,32.7363,BATCH,2023-03-01T23:59:59Z
09380000,"Colorado River at Lees Ferry, AZ",36.8659,-111.588,ST,AZ,005,15010000,111800,2023-03-08,2023-03-08T12:00:00Z,00060,Streamflow,cfs,408.3929,434.0006,263.6586,526.9163,A,,,,,122.5179,204.1964,326.7143,490.0715,653.4286,BATCH,2023-03-08T23:59:59Z
09380000,"Colorado River at Lees Ferry, AZ",36.8659,-111.588,ST,AZ,005,15010000,111800,2023-03-08,2023-03-08T12:00:00Z,00065,Gauge height,ft,27.1781,26.8468,22.3155,31.5318,P,13.54,23.86,37.27,46.03,8.1534,13.5891,21.7425,32.6137,43.485,BATCH,2023-03-08T23:59:59Z
09380000,"Colorado River at Lees Ferry, AZ",36.8659,-111.588,ST,AZ,005,15010000,111800,2023-03-15,2023-03-15T12:00:00Z,00060,Streamflow,cfs,416.4109,456.473,270.4605,622.0971,A,,,,,124.9233,208.2055,333.1287,499.6931,666.2574,BATCH,2023-03-15T23:59:59Z
09380000,"Colorado River at Lees Ferry, AZ",36.8659,-111.588,ST,AZ,005,15010000,111800,2023-03-15,2023-03-15T12:00:00Z,00065,Gauge height,ft,8.8013,8.8985,7.4982,10.1449,A,14.21,28.96,28.07,30.96,2.6404,4.4006,7.041,10.5616,14.0821,BATCH,2023-03-15T23:59:59Z
09380000,"Colorado River at Lees Ferry, AZ",36.8659,-111.588,ST,AZ,005,15010000,111800,2023-03-22,2023-03-22T12:00:00Z,00060,Streamflow,cfs,747.3715,771.962,547.1037,939.4325,A,,,,,224.2114,373.6857,597.8972,896.8458,1195.7944,BATCH,2023-03-22T23:59:59Z
09380000,"Colorado River at Lees Ferry, AZ",36.8659,-111.588,ST,AZ,005,15010000,111800,2023-03-22,2023-03-22T12:00:00Z,00065,Gauge height,ft,9.8729,9.9635,8.954,11.1485,P,12.42,22.3,32.23,35.71,2.9619,4.9364,7.8983,11.8475,15.7966,BATCH,2023-03-22T23:59:59Z
09380000,"Colorado River at Lees Ferry, AZ",36.8659,-111.588,ST,AZ,005,15010000,111800,2023-04-01,2023-04-01T12:00:00Z,00060,Streamflow,cfs,420.3859,396.7893,336.4904,599.6642,A,,,,,126.1158,210.1929,336.3087,504.4631,672.6174,BATCH,2023-04-01T23:59:59Z
09380000,"Colorado River at Lees Ferry, AZ",36.8659,-111.588,ST,AZ,005,15010000,111800,2023-04-01,2023-04-01T12:00:00Z,00065,Gauge height,ft,27.7552,27.8019,26.254,31.0794,A,10.47,21.6,35.2,49.25,8.3266,13.8776,22.2042,33.3062,44.4083,BATCH,2023-04-01T23:59:59Z
09380000,"Colorado River at Lees Ferry, AZ",36.8659,-111.588,ST,AZ,005,15010000,111800,2023-04-08,2023-04-08T12:00:00Z,00060,Streamflow,cfs,314.5815,307.2363,245.1066,363.1087,A,,,,,94.3744,157.2908,251.6652,377.4978,503.3304,BATCH,2023-04-08T23:59:59Z
09380000,"Colorado River at Lees Ferry, AZ",36.8659,-111.588,ST,AZ,005,15010000,111800,2023-04-08,2023-04-08T12:00:00Z,00065,Gauge height,ft,12.0905,11.9937,9.8319,13.2928,A,24.72,32.52,33.72,44.39,3.6271,6.0453,9.6724,14.5086,19.3448,BATCH,2023-04-08T23:59:59Z
09380000,"Colorado River at Lees Ferry, AZ",36.8659,-111.588,ST,AZ,005,15010000,111800,2023-04-15,2023-04-15T12:00:00Z,00060,Streamflow,cfs,1578.7995,1498.5795,1309.8216,2090.4002,P,,,,,473.6399,789.3998,1263.0396,1894.5594,2526.0792,BATCH,2023-04-15T23:59:59Z
09380000,"Colorado River at Lees Ferry, AZ",36.8659,-111.588,ST,AZ,005,15010000,111800,2023-04-15,2023-04-15T12:00:00Z,00065,Gauge height,ft,23.6162,24.1851,18.9769,27.8788,A,13.41,25.5,28.44,39.77,7.0849,11.8081,18.893,28.3394,37.7859,BATCH,2023-04-15T23:59:59Z
09380000,"Colorado River at Lees Ferry, AZ",36.8659,-111.588,ST,AZ,005,15010000,111800,2023-04-22,2023-04-22T12:00:00Z,00060,Streamflow,cfs,460.2157,453.2822,329.4689,628.2949,P,,,,,138.0647,230.1079,368.1726,552.2588,736.3451,BATCH,2023-04-22T23:59:59Z
09380000,"Colorado River at Lees Ferry, AZ",36.8659,-111.588,ST,AZ,005,15010000,111800,2023-04-22,2023-04-22T12:00:00Z,00065,Gauge height,ft,2.9955,2.9676,2.8151,3.3356,A,16.34,27.69,25.99,33.87,0.8986,1.4977,2.3964,3.5946,4.7928,BATCH,2023-04-22T23:59:59Z
09380000,"Colorado River at Lees Ferry, AZ",36.8659,-111.588,ST,AZ,005,15010000,111800,2023-05-01,2023-05-01T12:00:00Z,00060,Streamflow,cfs,316.0621,315.5718,190.5647,424.3717,A,,,,,94.8186,158.031,252.8497,379.2745,505.6994,BATCH,2023-05-01T23:59:59Z
09380000,"Colorado River at Lees Ferry, AZ",36.8659,-111.588,ST,AZ,005,15010000,111800,2023-05-01,2023-05-01T12:00:00Z,00065,Gauge height,ft,15.422,15.1234,13.9568,17.3938,A,19.37,30.11,28.26,45.24,4.6266,7.711,12.3376,18.5064,24.6752,BATCH,2023-05-01T23:59:59Z
09380000,"Colorado River at Lees Ferry, AZ",36.8659,-111.588,ST,AZ,005,15010000,111800,2023-05-08,2023-05-08T12:00:00Z,00060,Streamflow,cfs,1054.0133,1032.9182,738.3745,1366.5394,A,,,,,316.204,527.0067,843.2106,1264.816,1686.4213,BATCH,2023-05-08T23:59:59Z
09380000,"Colorado River at Lees Ferry, AZ",36.8659,-111.588,ST,AZ,005,15010000,111800,2023-05-08,2023-05-08T12:00:00Z,00065,Gauge height,ft,21.4987,21.154,19.5964,25.0421,A,22.57,33.02,28.93,33.06,6.4496,10.7493,17.199,25.7984,34.3979,BATCH,2023-05-08T23:59:59Z
09380000,"Colorado River at Lees Ferry, AZ",36.8659,-111.588,ST,AZ,005,15010000,111800,2023-05-15,2023-05-15T12:00:00Z,00060,Streamflow,cfs,1247.6667,1263.398,963.2955,1511.7834,A,,,,,374.3,623.8333,998.1334,1497.2,1996.2667,BATCH,2023-05-15T23:59:59Z
09380000,"Colorado River at Lees Ferry, AZ",36.8659,-111.588,ST,AZ,005,15010000,111800,2023-05-15,2023-05-15T12:00:00Z,00065,Gauge height,ft,8.4674,8.5341,7.4772,9.9909,P,13.54,33.31,30.39,31.03,2.5402,4.2337,6.7739,10.1609,13.5478,BATCH,2023-05-15T23:59:59Z
09380000,"Colorado River at Lees Ferry, AZ",36.8659,-111.588,ST,AZ,005,15010000,111800,2023-05-22,2023-05-22T12:00:00Z,00060,Streamflow,cfs,1024.9839,1080.2983,811.9237,1417.0674,A,,,,,307.4952,512.4919,819.9871,1229.9807,1639.9742,BATCH,2023-05-22T23:59:59Z
09380000,"Colorado River at Lees Ferry, AZ",36.8659,-111.588,ST,AZ,005,15010000,111800,2023-05-22,2023-05-22T12:00:00Z,00065,Gauge height,ft,16.6224,16.8279,14.6252,17.8374,P,24.63,26.82,32.78,44.18,4.9867,8.3112,13.2979,19.9469,26.5958,BATCH,2023-05-22T23:59:59Z
09380000,"Colorado River at Lees Ferry, AZ",36.8659,-111.588,ST,AZ,005,15010000,111800,2023-06-01,2023-06-01T12:00:00Z,00060,Streamflow,cfs,310.9958,280.4845,229.6026,415.715,A,,,,,93.2987,155.4979,248.7966,373.195,497.5933,BATCH,2023-06-01T23:59:59Z
09380000,"Colorado River at Lees Ferry, AZ",36.8659,-111.588,ST,AZ,005,15010000,111800,2023-06-01,2023-06-01T12:00:00Z,00065,Gauge height,ft,16.6871,16.632,13.7265,17.8592,P,10.3,20.81,32.41,43.14,5.0061,8.3436,13.3497,20.0245,26.6994,BATCH,2023-06-01T23:59:59Z
09380000,"Colorado River at Lees Ferry, AZ",36.8659,-111.588,ST,AZ,005,15010000,111800,2023-06-08,2023-06-08T12:00:00Z,00060,Streamflow,cfs,875.206,898.3625,605.581,1177.3359,P,,,,,262.5618,437.603,700.1648,1050.2472,1400.3296,BATCH,2023-06-08T23:59:59Z
09380000,"Colorado River at Lees Ferry, AZ",36.8659,-111.588,ST,AZ,005,15010000,111800,2023-06-08,2023-06-08T12:00:00Z,00065,Gauge height,ft,26.6085,25.9123,25.1742,29.8525,A,20.54,30.4,38.07,45.49,7.9825,13.3042,21.2868,31.9302,42.5736,BATCH,2023-06-08T23:59:59Z
09380000,"Colorado River at Lees Ferry, AZ",36.8659,-111.588,ST,AZ,005,15010000,111800,2023-06-15,2023-06-15T12:00:00Z,00060,Streamflow,cfs,472.4147,473.3399,329.3137,618.6903,P,,,,,141.7244,236.2073,377.9318,566.8976,755.8635,BATCH,2023-06-15T23:59:59Z
09380000,"Colorado River at Lees Ferry, AZ",36.8659,-111.588,ST,AZ,005,15010000,111800,2023-06-15,2023-06-15T12:00:00Z,00065,Gauge height,ft,6.8107,6.6051,5.7883,7.756,P,18.23,26.72,29.37,42.84,2.0432,3.4053,5.4486,8.1728,10.8971,BATCH,2023-06-15T23:59:59Z
09380000,"Colorado River at Lees Ferry, AZ",36.8659,-111.588,ST,AZ,005,15010000,111800,2023-06-22,2023-06-22T12:00:00Z,00060,Streamflow,cfs,1034.3866,1109.5134,626.1819,1400.4286,A,,,,,310.316,517.1933,827.5093,1241.2639,1655.0186,BATCH,2023-06-22T23:59:59Z
09380000,"Colorado River at Lees Ferry, AZ",36.8659,-111.588,ST,AZ,005,15010000,111800,2023-06-22,2023-06-22T12:00:00Z,00065,Gauge height,ft,28.6664,27.3256,23.1456,32.7051,A,13.11,22.82,33.27,30.64,8.5999,14.3332,22.9331,34.3997,45.8662,BATCH,2023-06-22T23:59:59Z
09380000,"Colorado River at Lees Ferry, AZ",36.8659,-111.588,ST,AZ,005,15010000,111800,2023-07-01,2023-07-01T12:00:00Z,00060,Streamflow,cfs,1226.8513,1133.6492,837.8693,1616.821,A,,,,,368.0554,613.4257,981.481,1472.2216,1962.9621,BATCH,2023-07-01T23:59:59Z
09380000,"Colorado River at Lees Ferry, AZ",36.8659,-111.588,ST,AZ,005,15010000,111800,2023-07-01,2023-07-01T12:00:00Z,00065,Gauge height,ft,27.5076,28.1643,22.4889,30.8771,A,18.57,33.14,31.69,32.47,8.2523,13.7538,22.0061,33.0091,44.0122,BATCH,2023-07-01T23:59:59Z
09380000,"Colorado River at Lees Ferry, AZ",36.8659,-111.588,ST,AZ,005,15010000,111800,2023-07-08,2023-07-08T12:00:00Z,00060,Streamflow,cfs,873.6679,795.7201,631.6622,1014.7391,A,,,,,262.1004,436.834,698.9343,1048.4015,1397.8686,BATCH,2023-07-08T23:59:59Z
09380000,"Colorado River at Lees Ferry, AZ",36.8659,-111.588,ST,AZ,005,15010000,111800,2023-07-08,2023-07-08T12:00:00Z,00065,Gauge height,ft,21.2907,21.8448,17.7034,22.9817,P,13.09,27.71,26.6,45.41,6.3872,10.6454,17.0326,25.5488,34.0651,BATCH,2023-07-08T23:59:59Z
09380000,"Colorado River at Lees Ferry, AZ",36.8659,-111.588,ST,AZ,005,15010000,111800,2023-07-15,2023-07-15T12:00:00Z,00060,Streamflow,cfs,753.5993,792.7502,470.8937,1088.4394,P,,,,,226.0798,376.7996,602.8794,904.3192,1205.7589,BATCH,2023-07-15T23:59:59Z
09380000,"Colorado River at Lees Ferry, AZ",36.8659,-111.588,ST,AZ,005,15010000,111800,2023-07-15,2023-07-15T12:00:00Z,00065,Gauge height,ft,3.0582,3.1304,2.7934,3.2791,A,12.2,24.99,37.92,43.29,0.9175,1.5291,2.4466,3.6698,4.8931,BATCH,2023-07-15T23:59:59Z
09380000,"Colorado River at Lees Ferry, AZ",36.8659,-111.588,ST,AZ,005,15010000,111800,2023-07-22,2023-07-22T12:00:00Z,00060,Streamflow,cfs,854.1466,790.4412,543.1049,1110.2942,A,,,,,256.244,427.0733,683.3173,1024.9759,1366.6346,BATCH,2023-07-22T23:59:59Z
09380000,"Colorado River at Lees Ferry, AZ",36.8659,-111.588,ST,AZ,005,15010000,111800,2023-07-22,2023-07-22T12:00:00Z,00065,Gauge height,ft,20.9895,21.2097,19.2385,22.0986,A,16.37,22.5,38.79,31.3,6.2969,10.4947,16.7916,25.1874,33.5832,BATCH,2023-07-22T23:59:59Z
09380000,"Colorado River at Lees Ferry, AZ",36.8659,-111.588,ST,AZ,005,15010000,111800,2023-08-01,2023-08-01T12:00:00Z,00060,Streamflow,cfs,199.5251,211.6226,130.5871,297.8745,A,,,,,59.8575,99.7626,159.6201,239.4301,319.2402,BATCH,2023-08-01T23:59:59Z
09380000,"Colorado River at Lees Ferry, AZ",36.8659,-111.588,ST,AZ,005,15010000,111800,2023-08-01,2023-08-01T12:00:00Z,00065,Gauge height,ft,4.7022,4.85,4.4658,5.4652,A,11.84,25.01,36.01,44.04,1.4107,2.3511,3.7618,5.6426,7.5235,BATCH,2023-08-01T23:59:59Z
09380000,"Colorado River at Lees Ferry, AZ",36.8659,-111.588,ST,AZ,005,15010000,111800,2023-08-08,2023-08-08T12:00:00Z,00060,Streamflow,cfs,215.0511,210.2272,151.5648,288.9892,A,,,,,64.5153,107.5255,172.0409,258.0613,344.0818,BATCH,2023-08-08T23:59:59Z
09380000,"Colorado River at Lees Ferry, AZ",36.8659,-111.588,ST,AZ,005,15010000,111800,2023-08-08,2023-08-08T12:00:00Z,00065,Gauge height,ft,29.8659,29.1016,27.009,33.2705,A,21.67,25.31,30.35,48.3,8.9598,14.9329,23.8927,35.8391,47.7854,BATCH,2023-08-08T23:59:59Z
09380000,"Colorado River at Lees Ferry, AZ",36.8659,-111.588,ST,AZ,005,15010000,111800,2023-08-15,2023-08-15T12:00:00Z,00060,Streamflow,cfs,186.2966,169.3266,154.082,248.3724,A,,,,,55.889,93.1483,149.0373,223.5559,298.0746,BATCH,2023-08-15T23:59:59Z
09380000,"Colorado River at Lees Ferry, AZ",36.8659,-111.588,ST,AZ,005,15010000,111800,2023-08-15,2023-08-15T12:00:00Z,00065,Gauge height,ft,14.2342,14.8378,13.2679,15.0465,A,19.56,22.75,36.72,42.55,4.2703,7.1171,11.3874,17.081,22.7747,BATCH,2023-08-15T23:59:59Z
09380000,"Colorado River at Lees Ferry, AZ",36.8659,-111.588,ST,AZ,005,15010000,111800,2023-08-22,2023-08-22T12:00:00Z,00060,Streamflow,cfs,151.7866,159.4089,108.7424,216.4555,A,,,,,45.536,75.8933,121.4293,182.1439,242.8586,BATCH,2023-08-22T23:59:59Z
09380000,"Colorado River at Lees Ferry, AZ",36.8659,-111.588,ST,AZ,005,15010000,111800,2023-08-22,2023-08-22T12:00:00Z,00065,Gauge height,ft,15.445,15.8379,12.477,17.0076,A,11.39,29.32,28.13,36.84,4.6335,7.7225,12.356,18.534,24.712,BATCH,2023-08-22T23:59:59Z
09380000,"Colorado River at Lees Ferry, AZ",36.8659,-111.588,ST,AZ,005,15010000,111800,2023-09-01,2023-09-01T12:00:00Z,00060,Streamflow,cfs,92.2755,91.3645,77.0318,124.893,P,,,,,27.6826,46.1377,73.8204,110.7306,147.6408,BATCH,2023-09-01T23:59:59Z
09380000,"Colorado River at Lees Ferry, AZ",36.8659,-111.588,ST,AZ,005,15010000,111800,2023-09-01,2023-09-01T12:00:00Z,00065,Gauge height,ft,9.2178,9.0098,8.007,10.3454,A,15.83,20.53,39.31,30.89,2.7653,4.6089,7.3742,11.0614,14.7485,BATCH,2023-09-01T23:59:59Z
09380000,"Colorado River at Lees Ferry, AZ",36.8659,-111.588,ST,AZ,005,15010000,111800,2023-09-08,2023-09-08T12:00:00Z,00060,Streamflow,cfs,413.1388,394.4469,346.6338,538.909,P,,,,,123.9416,206.5694,330.511,495.7666,661.0221,BATCH,2023-09-08T23:59:59Z
09380000,"Colorado River at Lees Ferry, AZ",36.8659,-111.588,ST,AZ,005,15010000,111800,2023-09-08,2023-09-08T12:00:00Z,00065,Gauge height,ft,19.3404,19.7294,17.1742,21.1303,A,24.44,25.61,30.59,33.16,5.8021,9.6702,15.4723,23.2085,30.9446,BATCH,2023-09-08T23:59:59Z
09380000,"Colorado River at Lees Ferry, AZ",36.8659,-111.588,ST,AZ,005,15010000,111800,2023-09-15,2023-09-15T12:00:00Z,00060,Streamflow,cfs,415.1187,394.9503,349.9365,555.2906,A,,,,,124.5356,207.5593,332.095,498.1424,664.1899,BATCH,2023-09-15T23:59:59Z
09380000,"Colorado River at Lees Ferry, AZ",36.8659,-111.588,ST,AZ,005,15010000,111800,2023-09-15,2023-09-15T12:00:00Z,00065,Gauge height,ft,20.679,20.8969,17.0485,22.6281,A,16.35,30.14,28.74,34.82,6.2037,10.3395,16.5432,24.8148,33.0864,BATCH,2023-09-15T23:59:59Z
09380000,"Colorado River at Lees Ferry, AZ",36.8659,-111.588,ST,AZ,005,15010000,111800,2023-09-22,2023-09-22T12:00:00Z,00060,Streamflow,cfs,336.6228,305.2021,279.5727,463.319,A,,,,,100.9868,168.3114,269.2982,403.9474,538.5965,BATCH,2023-09-22T23:59:59Z
09380000,"Colorado River at Lees Ferry, AZ",36.8659,-111.588,ST,AZ,005,15010000,111800,2023-09-22,2023-09-22T12:00:00Z,00065,Gauge height,ft,15.8509,16.4508,14.8929,18.2922,P,17.73,24.82,27.0,32.4,4.7553,7.9254,12.6807,19.0211,25.3614,BATCH,2023-09-22T23:59:59Z
09380000,"Colorado River at Lees Ferry, AZ",36.8659,-111.588,ST,AZ,005,15010000,111800,2023-10-01,2023-10-01T12:00:00Z,00060,Streamflow,cfs,170.0211,176.7179,127.9615,206.3257,A,,,,,51.0063,85.0105,136.0169,204.0253,272.0338,BATCH,2023-10-01T23:59:59Z
09380000,"Colorado River at Lees Ferry, AZ",36.8659,-111.588,ST,AZ,005,15010000,111800,2023-10-01,2023-10-01T12:00:00Z,00065,Gauge height,ft,12.9598,12.6595,12.2073,14.9477,A,20.8,22.65,37.88,42.6,3.8879,6.4799,10.3678,15.5518,20.7357,BATCH,2023-10-01T23:59:59Z
09380000,"Colorado River at Lees Ferry, AZ",36.8659,-111.588,ST,AZ,005,15010000,111800,2023-10-08,2023-10-08T12:00:00Z,00060,Streamflow,cfs,343.6959,329.7766,241.421,465.473,A,,,,,103.1088,171.8479,274.9567,412.4351,549.9134,BATCH,2023-10-08T23:59:59Z
09380000,"Colorado River at Lees Ferry, AZ",36.8659,-111.588,ST,AZ,005,15010000,111800,2023-10-08,2023-10-08T12:00:00Z,00065,Gauge height,ft,8.8423,8.5894,8.2911,9.7312,A,20.28,32.45,27.05,37.1,2.6527,4.4211,7.0738,10.6108,14.1477,BATCH,2023-10-08T23:59:59Z
09380000,"Colorado River at Lees Ferry, AZ",36.8659,-111.588,ST,AZ,005,15010000,111800,2023-10-15,2023-10-15T12:00:00Z,00060,Streamflow,cfs,433.1621,437.1424,356.3649,511.6982,A,,,,,129.9486,216.5811,346.5297,519.7945,693.0594,BATCH,2023-10-15T23:59:59Z
09380000,"Colorado River at Lees Ferry, AZ",36.8659,-111.588,ST,AZ,005,15010000,111800,2023-10-15,2023-10-15T12:00:00Z,00065,Gauge height,ft,17.5436,18.1773,16.1158,20.6749,P,22.23,26.8,28.2,37.33,5.2631,8.7718,14.0349,21.0523,28.0698,BATCH,2023-10-15T23:59:59Z
09380000,"Colorado River at Lees Ferry, AZ",36.8659,-111.588,ST,AZ,005,15010000,111800,2023-10-22,2023-10-22T12:00:00Z,00060,Streamflow,cfs,162.1393,168.6322,122.7388,214.6373,A,,,,,48.6418,81.0696,129.7114,194.5672,259.4229,BATCH,2023-10-22T23:59:59Z
09380000,"Colorado River at Lees Ferry, AZ",36.8659,-111.588,ST,AZ,005,15010000,111800,2023-10-22,2023-10-22T12:00:00Z,00065,Gauge height,ft,2.5608,2.5767,2.1948,2.7421,A,24.15,23.48,28.75,37.73,0.7682,1.2804,2.0486,3.073,4.0973,BATCH,2023-10-22T23:59:59Z
09380000,"Colorado River at Lees Ferry, AZ",36.8659,-111.588,ST,AZ,005,15010000,111800,2023-11-01,2023-11-01T12:00:00Z,00060,Streamflow,cfs,316.66,331.242,268.5534,471.217,A,,,,,94.998,158.33,253.328,379.992,506.656,BATCH,2023-11-01T23:59:59Z
09380000,"Colorado River at Lees Ferry, AZ",36.8659,-111.588,ST,AZ,005,15010000,111800,2023-11-01,2023-11-01T12:00:00Z,00065,Gauge height,ft,29.1723,27.8144,24.0169,32.1859,A,22.88,30.4,37.87,46.6,8.7517,14.5861,23.3378,35.0068,46.6757,BATCH,2023-11-01T23:59:59Z
09380000,"Colorado River at Lees Ferry, AZ",36.8659,-111.588,ST,AZ,005,15010000,111800,2023-11-08,2023-11-08T12:00:00Z,00060,Streamflow,cfs,421.7688,394.7397,254.3153,537.7777,P,,,,,126.5306,210.8844,337.415,506.1226,674.8301,BATCH,2023-11-08T23:59:59Z
09380000,"Colorado River at Lees Ferry, AZ",36.8659,-111.588,ST,AZ,005,15010000,111800,2023-11-08,2023-11-08T12:00:00Z,00065,Gauge height,ft,26.7237,26.7404,21.9132,28.182,A,21.2,24.53,37.72,49.37,8.0171,13.3619,21.379,32.0684,42.7579,BATCH,2023-11-08T23:59:59Z
09380000,"Colorado River at Lees Ferry, AZ",36.8659,-111.588,ST,AZ,005,15010000,111800,2023-11-15,2023-11-15T12:00:00Z,00060,Streamflow,cfs,319.6208,333.9239,204.6547,441.8214,A,,,,,95.8862,159.8104,255.6966,383.545,511.3933,BATCH,2023-11-15T23:59:59Z
09380000,"Colorado River at Lees Ferry, AZ",36.8659,-111.588,ST,AZ,005,15010000,111800,2023-11-15,2023-11-15T12:00:00Z,00065,Gauge height,ft,2.3681,2.4683,2.0693,2.775,A,15.55,20.13,31.88,36.05,0.7104,1.1841,1.8945,2.8417,3.789,BATCH,2023-11-15T23:59:59Z
09380000,"Colorado River at Lees Ferry, AZ",36.8659,-111.588,ST,AZ,005,15010000,111800,2023-11-22,2023-11-22T12:00:00Z,00060,Streamflow,cfs,99.2014,104.5702,75.8141,128.5038,A,,,,,29.7604,49.6007,79.3611,119.0417,158.7222,BATCH,2023-11-22T23:59:59Z
09380000,"Colorado River at Lees Ferry, AZ",36.8659,-111.588,ST,AZ,005,15010000,111800,2023-11-22,2023-11-22T12:00:00Z,00065,Gauge height,ft,27.3515,27.5842,25.4837,30.9898,P,20.84,23.16,31.86,47.48,8.2055,13.6758,21.8812,32.8218,43.7624,BATCH,2023-11-22T23:59:59Z
09380000,"Colorado River at Lees Ferry, AZ",36.8659,-111.588,ST,AZ,005,15010000,111800,2023-12-01,2023-12-01T12:00:00Z,00060,Streamflow,cfs,129.4782,117.1528,102.2754,153.2385,A,,,,,38.8435,64.7391,103.5826,155.3738,207.1651,BATCH,2023-12-01T23:59:59Z
09380000,"Colorado River at Lees Ferry, AZ",36.8659,-111.588,ST,AZ,005,15010000,111800,2023-12-01,2023-12-01T12:00:00Z,00065,Gauge height,ft,12.2013,12.3636,10.5626,13.0059,A,15.12,23.16,37.81,36.93,3.6604,6.1006,9.761,14.6416,19.5221,BATCH,2023-12-01T23:59:59Z
09380000,"Colorado River at Lees Ferry, AZ",36.8659,-111.588,ST,AZ,005,15010000,111800,2023-12-08,2023-12-08T12:00:00Z,00060,Streamflow,cfs,92.0971,89.1064,64.1958,107.8436,A,,,,,27.6291,46.0485,73.6777,110.5165,147.3554,BATCH,2023-12-08T23:59:59Z
09380000,"Colorado River at Lees Ferry, AZ",36.8659,-111.588,ST,AZ,005,15010000,111800,2023-12-08,2023-12-08T12:00:00Z,00065,Gauge height,ft,5.6177,5.7838,4.9225,6.6954,A,15.45,27.29,36.93,41.86,1.6853,2.8089,4.4942,6.7412,8.9883,BATCH,2023-12-08T23:59:59Z
09380000,"Colorado River at Lees Ferry, AZ",36.8659,-111.588,ST,AZ,005,15010000,111800,2023-12-15,2023-12-15T12:00:00Z,00060,Streamflow,cfs,254.2934,259.0152,184.8479,341.0159,A,,,,,76.288,127.1467,203.4347,305.1521,406.8694,BATCH,2023-12-15T23:59:59Z
09380000,"Colorado River at Lees Ferry, AZ",36.8659,-111.588,ST,AZ,005,15010000,111800,2023-12-15,2023-12-15T12:00:00Z,00065,Gauge height,ft,12.3764,11.9686,11.1055,14.0235,P,17.45,31.64,25.7,47.34,3.7129,6.1882,9.9011,14.8517,19.8022,BATCH,2023-12-15T23:59:59Z
09380000,"Colorado River at Lees Ferry, AZ",36.8659,-111.588,ST,AZ,005,15010000,111800,2023-12-22,2023-12-22T12:00:00Z,00060,Streamflow,cfs,306.3555,290.7076,199.4407,405.773,A,,,,,91.9066,153.1778,245.0844,367.6266,490.1688,BATCH,2023-12-22T23:59:59Z
09380000,"Colorado River at Lees Ferry, AZ",36.8659,-111.588,ST,AZ,005,15010000,111800,2023-12-22,2023-12-22T12:00:00Z,00065,Gauge height,ft,18.258,18.2542,15.4846,19.8517,A,20.96,27.76,37.75,30.35,5.4774,9.129,14.6064,21.9096,29.2128,BATCH,2023-12-22T23:59:59Z
09380000,"Colorado River at Lees Ferry, AZ",36.8659,-111.588,ST,AZ,005,15010000,111800,2024-01-01,2024-01-01T12:00:00Z,00060,Streamflow,cfs,238.9143,242.8738,176.5177,302.1076,A,,,,,71.6743,119.4571,191.1314,286.6972,382.2629,BATCH,2024-01-01T23:59:59Z
09380000,"Colorado River at Lees Ferry, AZ",36.8659,-111.588,ST,AZ,005,15010000,111800,2024-01-01,2024-01-01T12:00:00Z,00065,Gauge height,ft,19.7315,19.6516,17.6328,22.4287,P,21.32,23.1,38.9,41.54,5.9195,9.8658,15.7852,23.6778,31.5704,BATCH,2024-01-01T23:59:59Z
09380000,"Colorado River at Lees Ferry, AZ",36.8659,-111.588,ST,AZ,005,15010000,111800,2024-01-08,2024-01-08T12:00:00Z,00060,Streamflow,cfs,232.6331,210.6675,145.2822,308.8869,A,,,,,69.7899,116.3166,186.1065,279.1597,372.213,BATCH,2024-01-08T23:59:59Z
09380000,"Colorado River at Lees Ferry, AZ",36.8659,-111.588,ST,AZ,005,15010000,111800,2024-01-08,2024-01-08T12:00:00Z,00065,Gauge height,ft,22.2251,22.0416,20.3725,24.5141,A,20.38,27.46,37.52,43.39,6.6675,11.1126,17.7801,26.6701,35.5602,BATCH,2024-01-08T23:59:59Z
09380000,"Colorado River at Lees Ferry, AZ",36.8659,-111.588,ST,AZ,005,15010000,111800,2024-01-15,2024-01-15T12:00:00Z,00060,Streamflow,cfs,113.4158,114.2922,94.1204,141.6538,A,,,,,34.0247,56.7079,90.7326,136.099,181.4653,BATCH,2024-01-15T23:59:59Z
09380000,"Colorado River at Lees Ferry, AZ",36.8659,-111.588,ST,AZ,005,15010000,111800,2024-01-15,2024-01-15T12:00:00Z,00065,Gauge height,ft,18.9665,19.8892,16.2099,22.7368,A,24.89,29.36,33.55,45.77,5.6899,9.4832,15.1732,22.7598,30.3464,BATCH,2024-01-15T23:59:59Z
09380000,"Colorado River at Lees Ferry, AZ",36.8659,-111.588,ST,AZ,005,15010000,111800,2024-01-22,2024-01-22T12:00:00Z,00060,Streamflow,cfs,455.9216,484.8038,355.7669,565.7531,A,,,,,136.7765,227.9608,364.7373,547.1059,729.4746,BATCH,2024-01-22T23:59:59Z
09380000,"Colorado River at Lees Ferry, AZ",36.8659,-111.588,ST,AZ,005,15010000,111800,2024-01-22,2024-01-22T12:00:00Z,00065,Gauge height,ft,9.1253,9.182,8.1993,10.1085,P,23.94,32.56,31.15,42.78,2.7376,4.5626,7.3002,10.9504,14.6005,BATCH,2024-01-22T23:59:59Z
